Genome,Cluster
GCF_035804835.1_ASM3580483v1_genomic_100kbp_proxy.fna,0
GCF_060079345.1_ASM6007934v1_genomic_100kbp_proxy.fna,1
GCA_007829355.1_ASM782935v1_genomic_100kbp_proxy.fna,1
GCA_036218465.1_ASM3621846v1_genomic_100kbp_proxy.fna,0
GCA_053895045.1_ASM5389504v1_genomic_100kbp_proxy.fna,1
GCF_035804415.1_ASM3580441v1_genomic_100kbp_proxy.fna,0
GCF_004101465.1_ASM410146v1_genomic_100kbp_proxy.fna,1
GCA_035814195.1_ASM3581419v1_genomic_100kbp_proxy.fna,0
GCA_003833195.1_ASM383319v1_genomic_100kbp_proxy.fna,1
GCF_036221605.1_ASM3622160v1_genomic_100kbp_proxy.fna,0
GCF_000183765.1_ASM18376v2_genomic_100kbp_proxy.fna,0
GCA_042736255.1_ASM4273625v1_genomic_100kbp_proxy.fna,0
GCA_031932205.1_ASM3193220v1_genomic_100kbp_proxy.fna,0
GCA_013009385.1_ASM1300938v1_genomic_100kbp_proxy.fna,0
GCA_050596035.1_NABI_Bsub_1_genomic_100kbp_proxy.fna,1
GCA_035809255.1_ASM3580925v1_genomic_100kbp_proxy.fna,0
GCF_046840395.1_ASM4684039v1_genomic_100kbp_proxy.fna,1
GCA_036221565.1_ASM3622156v1_genomic_100kbp_proxy.fna,0
GCF_037751545.1_ASM3775154v1_genomic_100kbp_proxy.fna,0
GCF_031932165.1_ASM3193216v1_genomic_100kbp_proxy.fna,1
GCF_002072735.1_ASM207273v1_genomic_100kbp_proxy.fna,0
GCA_049803375.1_ASM4980337v1_genomic_100kbp_proxy.fna,0
GCA_029536795.2_ASM2953679v2_genomic_100kbp_proxy.fna,0
GCF_021497525.1_ASM2149752v1_genomic_100kbp_proxy.fna,1
GCA_007845115.1_ASM784511v1_genomic_100kbp_proxy.fna,0
GCA_035804775.1_ASM3580477v1_genomic_100kbp_proxy.fna,1
GCF_031323625.1_ASM3132362v1_genomic_100kbp_proxy.fna,1
GCF_002202035.1_ASM220203v1_genomic_100kbp_proxy.fna,1
GCF_007666785.1_ASM766678v1_genomic_100kbp_proxy.fna,1
GCA_042266985.1_ASM4226698v1_genomic_100kbp_proxy.fna,1
GCA_003336895.2_ASM333689v2_genomic_100kbp_proxy.fna,0
GCA_039620435.1_ASM3962043v1_genomic_100kbp_proxy.fna,1
GCF_001565875.1_ASM156587v1_genomic_100kbp_proxy.fna,0
GCF_057444375.1_ASM5744437v1_genomic_100kbp_proxy.fna,0
GCA_040616335.1_TIED-A_genomic_100kbp_proxy.fna,0
GCF_048128465.1_ASM4812846v1_genomic_100kbp_proxy.fna,0
GCA_051966455.1_ASM5196645v1_genomic_100kbp_proxy.fna,1
GCA_001742355.1_ASM174235v1_genomic_100kbp_proxy.fna,0
GCF_050188195.1_ASM5018819v1_genomic_100kbp_proxy.fna,0
GCF_045001865.1_ASM4500186v1_genomic_100kbp_proxy.fna,1
GCF_000155325.1_ASM15532v1_genomic_100kbp_proxy.fna,1
GCF_030053655.1_ASM3005365v1_genomic_100kbp_proxy.fna,0
GCF_047314825.1_ASM4731482v1_genomic_100kbp_proxy.fna,1
GCF_028472365.1_ASM2847236v1_genomic_100kbp_proxy.fna,1
GCA_052037965.2_ASM5203796v2_genomic_100kbp_proxy.fna,1
GCF_000830595.1_ASM83059v1_genomic_100kbp_proxy.fna,1
GCF_031324185.1_ASM3132418v1_genomic_100kbp_proxy.fna,0
GCA_035812855.1_ASM3581285v1_genomic_100kbp_proxy.fna,0
GCF_003014945.1_ASM301494v1_genomic_100kbp_proxy.fna,0
GCF_035814035.1_ASM3581403v1_genomic_100kbp_proxy.fna,0
GCA_937906275.1_ERR864075_bin.129_CONCOCT_v1.1_MAG_genomic_100kbp_proxy.fna,2
GCF_014961985.1_ASM1496198v1_genomic_100kbp_proxy.fna,1
GCF_983010725.1_NOWI19-1_SAMN10351037_MAG_00000119_genomic_100kbp_proxy.fna,2
GCA_035804995.1_ASM3580499v1_genomic_100kbp_proxy.fna,0
GCF_001889625.1_ASM188962v1_genomic_100kbp_proxy.fna,1
GCF_001559975.1_GG12_C01_02_genomic_100kbp_proxy.fna,1
GCF_023612315.1_ASM2361231v1_genomic_100kbp_proxy.fna,0
GCA_055326625.1_ASM5532662v1_genomic_100kbp_proxy.fna,1
GCF_009662455.1_ASM966245v1_genomic_100kbp_proxy.fna,0
GCA_002215485.1_ASM221548v1_genomic_100kbp_proxy.fna,1
GCA_029536975.2_ASM2953697v2_genomic_100kbp_proxy.fna,0
GCA_019599105.1_ASM1959910v1_genomic_100kbp_proxy.fna,1
GCF_012931705.2_ASM1293170v2_genomic_100kbp_proxy.fna,0
GCF_018122465.1_ASM1812246v1_genomic_100kbp_proxy.fna,1
GCA_042789935.1_ASM4278993v1_genomic_100kbp_proxy.fna,1
GCF_002009135.1_ASM200913v1_genomic_100kbp_proxy.fna,0
GCF_050859145.1_ASM5085914v1_genomic_100kbp_proxy.fna,1
GCA_003665355.1_ASM366535v1_genomic_100kbp_proxy.fna,0
GCF_035811175.1_ASM3581117v1_genomic_100kbp_proxy.fna,1
GCF_056489145.1_ASM5648914v1_genomic_100kbp_proxy.fna,0
GCF_002915255.1_ASM291525v1_genomic_100kbp_proxy.fna,0
GCF_026309415.1_ASM2630941v1_genomic_100kbp_proxy.fna,0
GCA_982524965.1_NRS2103_genomic_100kbp_proxy.fna,1
GCA_035814355.1_ASM3581435v1_genomic_100kbp_proxy.fna,0
GCF_009497815.1_ASM949781v1_genomic_100kbp_proxy.fna,1
GCA_001057075.1_ASM105707v1_genomic_100kbp_proxy.fna,0
GCA_037753205.1_ASM3775320v1_genomic_100kbp_proxy.fna,0
GCF_004119615.1_ASM411961v1_genomic_100kbp_proxy.fna,1
GCF_002093785.1_ASM209378v1_genomic_100kbp_proxy.fna,1
GCF_007829445.1_ASM782944v1_genomic_100kbp_proxy.fna,1
GCF_056665445.1_Bac6_genomic_100kbp_proxy.fna,0
GCF_001560165.1_GG12_C01_14_genomic_100kbp_proxy.fna,1
GCA_977010375.1_NRS7979_genomic_100kbp_proxy.fna,1
GCF_020311615.1_ASM2031161v1_genomic_100kbp_proxy.fna,0
GCF_005234095.1_ASM523409v1_genomic_100kbp_proxy.fna,1
GCA_001660605.1_ASM166060v1_genomic_100kbp_proxy.fna,0
GCF_024507895.1_ASM2450789v1_genomic_100kbp_proxy.fna,1
GCA_050475245.1_ASM5047524v1_genomic_100kbp_proxy.fna,0
GCA_019704375.1_ASM1970437v1_genomic_100kbp_proxy.fna,0
GCF_001662955.1_ASM166295v1_genomic_100kbp_proxy.fna,1
GCF_028463925.1_ASM2846392v1_genomic_100kbp_proxy.fna,0
GCF_003833235.1_ASM383323v1_genomic_100kbp_proxy.fna,0
GCA_042262465.1_ASM4226246v1_genomic_100kbp_proxy.fna,0
GCA_000696635.1_ASM69663v1_genomic_100kbp_proxy.fna,0
GCF_977010325.1_NRS7981_genomic_100kbp_proxy.fna,1
GCF_010578135.1_ASM1057813v1_genomic_100kbp_proxy.fna,1
GCF_030123145.1_ASM3012314v1_genomic_100kbp_proxy.fna,1
GCF_056784195.1_ASM5678419v1_genomic_100kbp_proxy.fna,1
GCA_000409585.1_Hal1_genomic_100kbp_proxy.fna,1
GCF_009602405.1_ASM960240v1_genomic_100kbp_proxy.fna,1
GCA_050479905.1_ASM5047990v1_genomic_100kbp_proxy.fna,1
GCF_004103895.1_ASM410389v1_genomic_100kbp_proxy.fna,1
GCF_022700975.1_ASM2270097v1_genomic_100kbp_proxy.fna,0
GCF_056626595.1_ASM5662659v1_genomic_100kbp_proxy.fna,1
GCA_050051215.1_ASM5005121v1_genomic_100kbp_proxy.fna,0
GCA_900604845.1_TTHNAR1_genomic_100kbp_proxy.fna,2
GCF_009017455.1_ASM901745v1_genomic_100kbp_proxy.fna,1
GCA_033100155.1_ASM3310015v1_genomic_100kbp_proxy.fna,0
GCF_051132585.1_ASM5113258v1_genomic_100kbp_proxy.fna,1
GCA_035805095.1_ASM3580509v1_genomic_100kbp_proxy.fna,1
GCA_014389245.2_ASM1438924v2_genomic_100kbp_proxy.fna,0
GCA_029537075.2_ASM2953707v2_genomic_100kbp_proxy.fna,0
GCF_905311015.1_NRS6094_genomic_100kbp_proxy.fna,0
GCA_035808995.1_ASM3580899v1_genomic_100kbp_proxy.fna,0
GCF_004103595.1_ASM410359v1_genomic_100kbp_proxy.fna,1
GCA_009913255.1_ASM991325v1_genomic_100kbp_proxy.fna,0
GCF_035809495.1_ASM3580949v1_genomic_100kbp_proxy.fna,1
GCF_030016565.1_ASM3001656v1_genomic_100kbp_proxy.fna,0
GCF_055455675.1_ASM5545567v1_genomic_100kbp_proxy.fna,1
GCA_030016605.1_ASM3001660v1_genomic_100kbp_proxy.fna,0
GCA_001560555.1_NG05B_C06_13_genomic_100kbp_proxy.fna,1
GCF_001876515.1_ASM187651v1_genomic_100kbp_proxy.fna,0
GCA_059801065.1_ASM5980106v1_genomic_100kbp_proxy.fna,1
GCA_042737995.1_ASM4273799v1_genomic_100kbp_proxy.fna,0
GCA_036219385.1_ASM3621938v1_genomic_100kbp_proxy.fna,1
GCF_054850485.1_ASM5485048v1_genomic_100kbp_proxy.fna,1
GCF_007829655.1_ASM782965v1_genomic_100kbp_proxy.fna,1
GCF_059820085.1_ASM5982008v1_genomic_100kbp_proxy.fna,1
GCA_905315045.2_NRS6127B_genomic_100kbp_proxy.fna,0
GCA_037094855.1_ASM3709485v1_genomic_100kbp_proxy.fna,0
GCA_005160425.1_ASM516042v1_genomic_100kbp_proxy.fna,0
GCA_036621535.1_ASM3662153v1_genomic_100kbp_proxy.fna,1
GCA_019969135.1_ASM1996913v1_genomic_100kbp_proxy.fna,0
GCA_003265725.1_ASM326572v1_genomic_100kbp_proxy.fna,0
GCF_022846335.1_ASM2284633v1_genomic_100kbp_proxy.fna,2
GCF_905315015.2_NRS6132B_genomic_100kbp_proxy.fna,0
GCA_007050065.1_ASM705006v1_genomic_100kbp_proxy.fna,1
GCA_042801255.1_ASM4280125v1_genomic_100kbp_proxy.fna,0
GCF_905312035.2_NRS6120B_genomic_100kbp_proxy.fna,1
GCA_019704415.1_ASM1970441v1_genomic_100kbp_proxy.fna,0
GCF_052976505.1_ASM5297650v1_genomic_100kbp_proxy.fna,1
GCA_002322735.1_ASM232273v1_genomic_100kbp_proxy.fna,0
GCA_035823895.1_ASM3582389v1_genomic_100kbp_proxy.fna,1
GCF_003610955.1_ASM361095v1_genomic_100kbp_proxy.fna,0
GCF_000982455.1_ASM98245v1_genomic_100kbp_proxy.fna,1
GCF_046592575.1_ASM4659257v1_genomic_100kbp_proxy.fna,0
GCF_051966295.1_ASM5196629v1_genomic_100kbp_proxy.fna,1
GCA_000497365.1_MP11_genomic_100kbp_proxy.fna,1
GCF_039880445.1_ASM3988044v1_genomic_100kbp_proxy.fna,0
GCF_977010355.1_NRS8001_genomic_100kbp_proxy.fna,0
GCA_028541305.1_ASM2854130v1_genomic_100kbp_proxy.fna,0
GCA_036222845.1_ASM3622284v1_genomic_100kbp_proxy.fna,1
GCF_053819085.1_ASM5381908v1_genomic_100kbp_proxy.fna,1
GCA_050478005.1_ASM5047800v1_genomic_100kbp_proxy.fna,0
GCF_053291885.1_ASM5329188v1_genomic_100kbp_proxy.fna,1
GCF_037095795.1_ASM3709579v1_genomic_100kbp_proxy.fna,0
GCF_003931545.1_ASM393154v1_genomic_100kbp_proxy.fna,0
GCF_982518415.1_NRS2131_genomic_100kbp_proxy.fna,1
GCF_053895445.1_ASM5389544v1_genomic_100kbp_proxy.fna,1
GCF_041023695.1_ASM4102369v1_genomic_100kbp_proxy.fna,1
GCF_052546035.1_ASM5254603v1_genomic_100kbp_proxy.fna,0
GCF_051133315.1_ASM5113331v1_genomic_100kbp_proxy.fna,1
GCA_000507005.1_PTS394_genomic_100kbp_proxy.fna,0
GCF_055378645.1_ASM5537864v1_genomic_100kbp_proxy.fna,1
GCF_040819575.1_ASM4081957v1_genomic_100kbp_proxy.fna,0
GCA_009662155.1_ASM966215v1_genomic_100kbp_proxy.fna,1
GCA_030438175.1_ASM3043817v1_genomic_100kbp_proxy.fna,0
GCF_001996305.1_ASM199630v1_genomic_100kbp_proxy.fna,0
GCF_023714065.1_ASM2371406v1_genomic_100kbp_proxy.fna,0
GCA_042667955.1_ASM4266795v1_genomic_100kbp_proxy.fna,0
GCF_031326005.1_ASM3132600v1_genomic_100kbp_proxy.fna,1
GCA_004366695.1_ASM436669v1_genomic_100kbp_proxy.fna,1
GCA_003052465.1_ASM305246v1_genomic_100kbp_proxy.fna,1
GCF_018454405.1_ASM1845440v1_genomic_100kbp_proxy.fna,0
GCA_031316445.1_ASM3131644v1_genomic_100kbp_proxy.fna,1
GCF_035804375.1_ASM3580437v1_genomic_100kbp_proxy.fna,1
GCA_000769515.1_ASM76951v1_genomic_100kbp_proxy.fna,1
GCF_982518525.1_NRS2135_genomic_100kbp_proxy.fna,1
GCA_001560085.1_GG12_C01_10_genomic_100kbp_proxy.fna,1
GCA_003665215.1_ASM366521v1_genomic_100kbp_proxy.fna,1
GCA_051965795.1_ASM5196579v1_genomic_100kbp_proxy.fna,1
GCF_008131765.1_ASM813176v1_genomic_100kbp_proxy.fna,1
GCF_003327665.1_ASM332766v1_genomic_100kbp_proxy.fna,0
GCF_055793405.1_ASM5579340v1_genomic_100kbp_proxy.fna,0
GCA_022846295.1_ASM2284629v1_genomic_100kbp_proxy.fna,2
GCA_001560285.1_GG12_C01_21_genomic_100kbp_proxy.fna,1
GCA_052119875.1_ASM5211987v1_genomic_100kbp_proxy.fna,1
GCA_042792695.1_ASM4279269v1_genomic_100kbp_proxy.fna,0
GCF_001876645.1_ASM187664v1_genomic_100kbp_proxy.fna,0
GCF_001560765.1_NG05B_CO5_12_genomic_100kbp_proxy.fna,1
GCA_046529445.1_ASM4652944v1_genomic_100kbp_proxy.fna,1
GCA_035812315.1_ASM3581231v1_genomic_100kbp_proxy.fna,1
GCA_050455625.1_ASM5045562v1_genomic_100kbp_proxy.fna,0
GCF_049801195.1_ASM4980119v1_genomic_100kbp_proxy.fna,0
GCA_040712175.1_JM553_genomic_100kbp_proxy.fna,0
GCA_044544945.1_ASM4454494v1_genomic_100kbp_proxy.fna,1
GCA_007679335.1_ASM767933v1_genomic_100kbp_proxy.fna,1
GCA_052037815.2_ASM5203781v2_genomic_100kbp_proxy.fna,0
GCA_056855675.1_ASM5685567v1_genomic_100kbp_proxy.fna,1
GCA_049200355.1_ASM4920035v1_genomic_100kbp_proxy.fna,1
GCF_055817975.1_ASM5581797v1_genomic_100kbp_proxy.fna,1
GCA_041385545.1_ASM4138554v1_genomic_100kbp_proxy.fna,0
GCA_057371115.1_ASM5737111v1_genomic_100kbp_proxy.fna,0
GCA_041949775.1_ASM4194977v1_genomic_100kbp_proxy.fna,1
GCA_035822815.1_ASM3582281v1_genomic_100kbp_proxy.fna,1
GCF_019974355.1_ASM1997435v1_genomic_100kbp_proxy.fna,2
GCA_029762215.2_ASM2976221v2_genomic_100kbp_proxy.fna,0
GCA_050474985.1_ASM5047498v1_genomic_100kbp_proxy.fna,0
GCA_035822435.1_ASM3582243v1_genomic_100kbp_proxy.fna,1
GCA_028540385.1_ASM2854038v1_genomic_100kbp_proxy.fna,1
GCF_021498185.1_ASM2149818v1_genomic_100kbp_proxy.fna,1
GCF_001541905.1_ASM154190v1_genomic_100kbp_proxy.fna,0
GCA_024799885.1_ASM2479988v1_genomic_100kbp_proxy.fna,1
GCF_035812075.1_ASM3581207v1_genomic_100kbp_proxy.fna,1
GCA_008682315.1_ASM868231v1_genomic_100kbp_proxy.fna,1
GCF_034440835.1_ASM3444083v1_genomic_100kbp_proxy.fna,1
GCF_041862035.1_ASM4186203v1_genomic_100kbp_proxy.fna,0
GCA_028807035.1_ASM2880703v1_genomic_100kbp_proxy.fna,0
GCF_980644365.1_23FF4-BHI-04_genomic_100kbp_proxy.fna,0
GCA_036966285.1_ASM3696628v1_genomic_100kbp_proxy.fna,1
GCA_037742535.1_ASM3774253v1_genomic_100kbp_proxy.fna,1
GCA_049852155.1_ASM4985215v1_genomic_100kbp_proxy.fna,1
GCF_035813215.1_ASM3581321v1_genomic_100kbp_proxy.fna,1
GCA_046529465.1_ASM4652946v1_genomic_100kbp_proxy.fna,1
GCA_035812335.1_ASM3581233v1_genomic_100kbp_proxy.fna,0
GCA_050455605.1_ASM5045560v1_genomic_100kbp_proxy.fna,1
GCF_039581705.1_ASM3958170v1_genomic_100kbp_proxy.fna,0
GCA_030847885.1_ASM3084788v1_genomic_100kbp_proxy.fna,1
GCA_044544965.1_ASM4454496v1_genomic_100kbp_proxy.fna,0
GCF_035822775.1_ASM3582277v1_genomic_100kbp_proxy.fna,0
GCA_052037835.2_ASM5203783v2_genomic_100kbp_proxy.fna,1
GCF_024802585.1_ASM2480258v1_genomic_100kbp_proxy.fna,1
GCA_060246355.1_ASM6024635v1_genomic_100kbp_proxy.fna,0
GCF_052037775.2_ASM5203777v2_genomic_100kbp_proxy.fna,1
GCA_051966315.1_ASM5196631v1_genomic_100kbp_proxy.fna,1
GCF_000827065.1_ASM82706v1_genomic_100kbp_proxy.fna,1
GCF_019974375.1_ASM1997437v1_genomic_100kbp_proxy.fna,2
GCA_050480105.1_ASM5048010v1_genomic_100kbp_proxy.fna,0
GCA_000012285.1_ASM1228v1_genomic_100kbp_proxy.fna,1
GCF_036213085.1_ASM3621308v1_genomic_100kbp_proxy.fna,1
GCA_035822415.1_ASM3582241v1_genomic_100kbp_proxy.fna,0
GCF_905315385.1_NRS6137_genomic_100kbp_proxy.fna,0
GCA_977010965.1_NRS8005_genomic_100kbp_proxy.fna,1
GCF_052806235.1_ASM5280623v1_genomic_100kbp_proxy.fna,0
GCA_054552615.1_ASM5455261v1_genomic_100kbp_proxy.fna,0
GCA_905311005.1_NRS6092_genomic_100kbp_proxy.fna,1
GCA_983009985.1_NOWI19-1_SAMN10351047_MAG_00000013_genomic_100kbp_proxy.fna,2
GCF_035805115.1_ASM3580511v1_genomic_100kbp_proxy.fna,0
GCA_042899545.1_ASM4289954v1_genomic_100kbp_proxy.fna,1
GCA_003762825.1_ASM376282v1_genomic_100kbp_proxy.fna,0
GCA_982989575.1_NOWI19-1_SAMN09201604_MAG_00000005_genomic_100kbp_proxy.fna,2
GCF_025502505.1_ASM2550250v1_genomic_100kbp_proxy.fna,0
GCA_008017615.1_ASM801761v1_genomic_100kbp_proxy.fna,0
GCA_003665275.1_ASM366527v1_genomic_100kbp_proxy.fna,1
GCA_042264405.1_ASM4226440v1_genomic_100kbp_proxy.fna,0
GCA_023521595.1_ASM2352159v1_genomic_100kbp_proxy.fna,1
GCA_024508195.1_ASM2450819v1_genomic_100kbp_proxy.fna,1
GCA_035811795.1_ASM3581179v1_genomic_100kbp_proxy.fna,0
GCF_024917115.1_ASM2491711v1_genomic_100kbp_proxy.fna,1
GCF_002925885.1_ASM292588v1_genomic_100kbp_proxy.fna,0
GCA_049942295.1_ASM4994229v1_genomic_100kbp_proxy.fna,1
GCF_012222305.1_ASM1222230v1_genomic_100kbp_proxy.fna,1
GCF_018530835.1_ASM1853083v1_genomic_100kbp_proxy.fna,1
GCF_035809065.1_ASM3580906v1_genomic_100kbp_proxy.fna,1
GCF_054055415.1_ASM5405541v1_genomic_100kbp_proxy.fna,1
GCA_054061355.1_ASM5406135v1_genomic_100kbp_proxy.fna,1
GCF_014856585.1_ASM1485658v1_genomic_100kbp_proxy.fna,0
GCF_035804355.1_ASM3580435v1_genomic_100kbp_proxy.fna,1
GCA_025367415.1_ASM2536741v1_genomic_100kbp_proxy.fna,1
GCA_051028965.1_ASM5102896v1_genomic_100kbp_proxy.fna,1
GCA_018603715.1_ASM1860371v1_genomic_100kbp_proxy.fna,0
GCF_001560465.1_NG05B_C06_06_genomic_100kbp_proxy.fna,1
GCF_035812295.1_ASM3581229v1_genomic_100kbp_proxy.fna,0
GCA_010634645.1_ASM1063464v1_genomic_100kbp_proxy.fna,0
GCA_042793635.1_ASM4279363v1_genomic_100kbp_proxy.fna,0
GCA_001286865.1_Bacillus_JRS6_genomic_100kbp_proxy.fna,1
GCF_022846315.1_ASM2284631v1_genomic_100kbp_proxy.fna,2
GCF_046567585.1_ASM4656758v1_genomic_100kbp_proxy.fna,1
GCF_051487275.1_ASM5148727v1_genomic_100kbp_proxy.fna,0
GCA_022097155.1_ASM2209715v1_genomic_100kbp_proxy.fna,1
GCA_060371815.1_ASM6037181v1_genomic_100kbp_proxy.fna,0
GCF_010578065.1_ASM1057806v1_genomic_100kbp_proxy.fna,1
GCF_044758945.1_CEL_genomic_100kbp_proxy.fna,1
GCA_056377955.1_ASM5637795v1_genomic_100kbp_proxy.fna,1
GCF_050113355.1_ASM5011335v1_genomic_100kbp_proxy.fna,0
GCF_000878265.1_ASM87826v1_genomic_100kbp_proxy.fna,1
GCA_051486545.1_ASM5148654v1_genomic_100kbp_proxy.fna,1
GCF_050846915.1_ASM5084691v1_genomic_100kbp_proxy.fna,0
GCA_045277765.1_ASM4527776v1_genomic_100kbp_proxy.fna,1
GCF_052037995.2_ASM5203799v2_genomic_100kbp_proxy.fna,1
GCF_036213455.1_ASM3621345v1_genomic_100kbp_proxy.fna,1
GCA_042797535.1_ASM4279753v1_genomic_100kbp_proxy.fna,1
GCA_010614785.1_ASM1061478v1_genomic_100kbp_proxy.fna,0
GCA_019704435.1_ASM1970443v1_genomic_100kbp_proxy.fna,1
GCA_042668875.1_ASM4266887v1_genomic_100kbp_proxy.fna,0
GCA_000737405.1_ASM73740v1_genomic_100kbp_proxy.fna,0
GCA_036213125.1_ASM3621312v1_genomic_100kbp_proxy.fna,1
GCA_001717105.1_ASM171710v1_genomic_100kbp_proxy.fna,0
GCA_051935865.1_ASM5193586v1_genomic_100kbp_proxy.fna,0
GCF_015645665.1_ASM1564566v1_genomic_100kbp_proxy.fna,1
GCA_042668245.1_ASM4266824v1_genomic_100kbp_proxy.fna,0
GCF_030122865.1_ASM3012286v1_genomic_100kbp_proxy.fna,1
GCA_028541325.1_ASM2854132v1_genomic_100kbp_proxy.fna,1
GCA_001560815.1_NG05B_CO5_14_genomic_100kbp_proxy.fna,1
GCA_050051235.1_ASM5005123v1_genomic_100kbp_proxy.fna,0
GCA_007679005.1_ASM767900v1_genomic_100kbp_proxy.fna,1
GCA_905315055.2_NRS6128B_genomic_100kbp_proxy.fna,1
GCA_050462445.1_ASM5046244v1_genomic_100kbp_proxy.fna,0
GCA_980653625.1_FF9-DPCBA-3_genomic_100kbp_proxy.fna,1
GCF_042860965.1_ASM4286096v1_genomic_100kbp_proxy.fna,1
GCA_029537055.2_ASM2953705v2_genomic_100kbp_proxy.fna,1
GCF_002835225.1_ASM283522v1_genomic_100kbp_proxy.fna,0
GCA_012935335.1_ASM1293533v1_genomic_100kbp_proxy.fna,1
GCA_013266935.1_ASM1326693v1_genomic_100kbp_proxy.fna,1
GCF_011456075.1_ASM1145607v1_genomic_100kbp_proxy.fna,0
GCA_050463605.1_ASM5046360v1_genomic_100kbp_proxy.fna,1
GCF_018122535.1_ASM1812253v1_genomic_100kbp_proxy.fna,0
GCA_059772135.1_ASM5977213v1_genomic_100kbp_proxy.fna,1
GCA_046599185.1_De_novo_genomic_100kbp_proxy.fna,1
GCF_051174795.1_ASM5117479v1_genomic_100kbp_proxy.fna,0
GCF_059498445.1_ASM5949844v1_genomic_100kbp_proxy.fna,0
GCF_007182855.1_ASM718285v1_genomic_100kbp_proxy.fna,2
GCA_053606185.1_ASM5360618v1_genomic_100kbp_proxy.fna,1
GCA_050478745.1_ASM5047874v1_genomic_100kbp_proxy.fna,0
GCA_982999305.1_NOWI19-1_SAMN10350896_MAG_00000061_genomic_100kbp_proxy.fna,2
GCA_982518335.1_NRS6136_genomic_100kbp_proxy.fna,0
GCA_053617335.1_ASM5361733v1_genomic_100kbp_proxy.fna,0
GCA_001703495.1_ASM170349v1_genomic_100kbp_proxy.fna,1
GCA_977570335.1_MarMAG_099624_genomic_100kbp_proxy.fna,2
GCF_003833255.1_ASM383325v1_genomic_100kbp_proxy.fna,0
GCA_001560125.1_GG12_C01_12_genomic_100kbp_proxy.fna,1
GCF_053709215.1_ASM5370921v1_genomic_100kbp_proxy.fna,0
GCF_025426155.1_ASM2542615v1_genomic_100kbp_proxy.fna,1
GCA_001698485.1_ASM169848v1_genomic_100kbp_proxy.fna,0
GCA_019704355.1_ASM1970435v1_genomic_100kbp_proxy.fna,1
GCA_051908735.1_ASM5190873v1_genomic_100kbp_proxy.fna,1
GCA_041344815.1_ASM4134481v1_genomic_100kbp_proxy.fna,1
GCA_056110565.1_ASM5611056v1_genomic_100kbp_proxy.fna,1
GCF_001625135.1_ASM162513v1_genomic_100kbp_proxy.fna,0
GCA_002799585.1_ASM279958v1_genomic_100kbp_proxy.fna,0
GCF_025767725.1_ASM2576772v1_genomic_100kbp_proxy.fna,0
GCF_012030675.1_ASM1203067v1_genomic_100kbp_proxy.fna,1
GCA_040270045.1_ASM4027004v1_genomic_100kbp_proxy.fna,0
GCA_042887785.1_ASM4288778v1_genomic_100kbp_proxy.fna,1
GCF_004119675.1_ASM411967v1_genomic_100kbp_proxy.fna,1
GCF_022700955.1_ASM2270095v1_genomic_100kbp_proxy.fna,0
GCA_982518365.1_NRS6133_genomic_100kbp_proxy.fna,1
GCA_000830605.1_ASM83060v1_genomic_100kbp_proxy.fna,0
GCA_035804595.1_ASM3580459v1_genomic_100kbp_proxy.fna,1
GCF_046591695.1_ASM4659169v1_genomic_100kbp_proxy.fna,1
GCA_034555075.1_ASM3455507v1_genomic_100kbp_proxy.fna,0
GCA_009497795.1_ASM949779v1_genomic_100kbp_proxy.fna,1
GCF_002272405.1_assembly-7702_v1_genomic_100kbp_proxy.fna,1
GCF_003336815.1_ASM333681v1_genomic_100kbp_proxy.fna,0
GCA_035811235.1_ASM3581123v1_genomic_100kbp_proxy.fna,0
GCA_003665335.1_ASM366533v1_genomic_100kbp_proxy.fna,1
GCA_052535495.1_ASM5253549v1_genomic_100kbp_proxy.fna,0
GCA_013267035.1_ASM1326703v1_genomic_100kbp_proxy.fna,0
GCA_050908245.1_ASM5090824v1_genomic_100kbp_proxy.fna,0
GCF_018122445.1_ASM1812244v1_genomic_100kbp_proxy.fna,1
GCA_030662185.1_ASM3066218v1_genomic_100kbp_proxy.fna,1
GCF_002173615.1_ASM217361v1_genomic_100kbp_proxy.fna,1
GCA_015844635.1_ASM1584463v1_genomic_100kbp_proxy.fna,1
GCF_041080715.1_ASM4108071v1_genomic_100kbp_proxy.fna,0
GCF_001043765.1_ASM104376v1_genomic_100kbp_proxy.fna,1
GCF_009662435.1_ASM966243v1_genomic_100kbp_proxy.fna,1
GCA_000186745.1_ASM18674v1_genomic_100kbp_proxy.fna,0
GCF_982525005.1_NRS2108_genomic_100kbp_proxy.fna,1
GCF_055326565.1_ASM5532656v1_genomic_100kbp_proxy.fna,1
GCF_057162945.1_ASM5716294v1_genomic_100kbp_proxy.fna,0
GCF_045343855.1_ASM4534385v1_genomic_100kbp_proxy.fna,1
GCA_044546015.1_ASM4454601v1_genomic_100kbp_proxy.fna,0
GCF_022647025.1_ASM2264702v1_genomic_100kbp_proxy.fna,0
GCA_000740475.1_ASM74047v1_genomic_100kbp_proxy.fna,0
GCA_025728295.1_ASM2572829v1_genomic_100kbp_proxy.fna,0
GCA_028806935.1_ASM2880693v1_genomic_100kbp_proxy.fna,0
GCF_040278585.1_ASM4027858v1_genomic_100kbp_proxy.fna,1
GCA_050468365.1_ASM5046836v1_genomic_100kbp_proxy.fna,0
GCA_012689485.1_ASM1268948v1_genomic_100kbp_proxy.fna,1
GCF_021728955.1_ASM2172895v1_genomic_100kbp_proxy.fna,0
GCA_983013515.1_NOWI19-1_SAMN09201449_MAG_00000070_genomic_100kbp_proxy.fna,2
GCA_030846795.1_ASM3084679v1_genomic_100kbp_proxy.fna,0
GCA_029542145.1_ASM2954214v1_genomic_100kbp_proxy.fna,0
GCF_049944945.1_ASM4994494v1_genomic_100kbp_proxy.fna,0
GCF_024918995.1_ASM2491899v1_genomic_100kbp_proxy.fna,0
GCF_032911345.1_ASM3291134v1_genomic_100kbp_proxy.fna,0
GCA_035823135.1_ASM3582313v1_genomic_100kbp_proxy.fna,0
GCA_030413125.1_ASM3041312v1_genomic_100kbp_proxy.fna,0
GCA_039619305.1_ASM3961930v1_genomic_100kbp_proxy.fna,1
GCF_039939295.1_ASM3993929v1_genomic_100kbp_proxy.fna,1
GCF_001560315.1_NG05A_C04_genomic_100kbp_proxy.fna,1
GCA_029906545.1_ASM2990654v1_genomic_100kbp_proxy.fna,0
GCA_007050145.1_ASM705014v1_genomic_100kbp_proxy.fna,1
GCA_035812245.1_ASM3581224v1_genomic_100kbp_proxy.fna,0
GCF_055754865.1_ASM5575486v1_genomic_100kbp_proxy.fna,1
GCF_012029855.1_ASM1202985v1_genomic_100kbp_proxy.fna,1
GCF_035813955.1_ASM3581395v1_genomic_100kbp_proxy.fna,0
GCF_002142535.1_ASM214253v1_genomic_100kbp_proxy.fna,1
GCA_030297075.1_ASM3029707v1_genomic_100kbp_proxy.fna,0
GCF_005218185.1_ASM521818v1_genomic_100kbp_proxy.fna,1
GCA_053606345.1_ASM5360634v1_genomic_100kbp_proxy.fna,1
GCA_035812875.1_ASM3581287v1_genomic_100kbp_proxy.fna,0
GCA_007677755.1_ASM767775v1_genomic_100kbp_proxy.fna,1
GCF_035804815.1_ASM3580481v1_genomic_100kbp_proxy.fna,0
GCF_055688045.1_ASM5568804v1_genomic_100kbp_proxy.fna,0
GCA_004361725.1_ASM436172v1_genomic_100kbp_proxy.fna,0
GCF_054462015.1_ASM5446201v1_genomic_100kbp_proxy.fna,0
GCF_002202055.1_ASM220205v1_genomic_100kbp_proxy.fna,0
GCA_053609085.1_ASM5360908v1_genomic_100kbp_proxy.fna,1
GCA_029625925.1_ASM2962592v1_genomic_100kbp_proxy.fna,1
GCF_054875795.1_ASM5487579v1_genomic_100kbp_proxy.fna,1
GCF_035804435.1_ASM3580443v1_genomic_100kbp_proxy.fna,1
GCA_011366195.1_ASM1136619v1_genomic_100kbp_proxy.fna,2
GCA_001560525.1_NG05B_C06_12_genomic_100kbp_proxy.fna,1
GCF_035809115.1_ASM3580911v1_genomic_100kbp_proxy.fna,1
GCA_041537785.1_ASM4153778v1_genomic_100kbp_proxy.fna,1
GCF_982969175.1_NOWI19-1_SAMN09201533_MAG_00000057_genomic_100kbp_proxy.fna,2
GCA_016411905.1_ASM1641190v1_genomic_100kbp_proxy.fna,1
GCF_025245215.1_ASM2524521v1_genomic_100kbp_proxy.fna,1
GCF_004294535.1_ASM429453v1_genomic_100kbp_proxy.fna,1
GCA_019037405.1_ASM1903740v1_genomic_100kbp_proxy.fna,0
GCA_036221545.1_ASM3622154v1_genomic_100kbp_proxy.fna,0
GCA_019037825.1_ASM1903782v1_genomic_100kbp_proxy.fna,0
GCF_051028755.1_ASM5102875v1_genomic_100kbp_proxy.fna,0
GCA_038898345.1_ASM3889834v1_genomic_100kbp_proxy.fna,0
GCF_036218725.1_ASM3621872v1_genomic_100kbp_proxy.fna,0
GCF_004101405.1_ASM410140v1_genomic_100kbp_proxy.fna,0
GCF_008831405.1_ASM883140v1_genomic_100kbp_proxy.fna,1
GCF_026790895.1_ASM2679089v1_genomic_100kbp_proxy.fna,0
GCA_006741845.1_ASM674184v1_genomic_100kbp_proxy.fna,0
GCF_032878855.1_ASM3287885v1_genomic_100kbp_proxy.fna,1
GCF_035621695.1_ASM3562169v1_genomic_100kbp_proxy.fna,0
GCF_051963855.1_ASM5196385v1_genomic_100kbp_proxy.fna,0
GCF_052119865.1_ASM5211986v1_genomic_100kbp_proxy.fna,1
GCA_983017395.1_NOWI19-1_SAMN10351042_MAG_00000062_genomic_100kbp_proxy.fna,2
GCA_049368775.1_ASM4936877v1_genomic_100kbp_proxy.fna,1
GCF_900445475.1_27294_A01_genomic_100kbp_proxy.fna,0
GCA_036621485.1_ASM3662148v1_genomic_100kbp_proxy.fna,1
GCF_019464335.1_ASM1946433v1_genomic_100kbp_proxy.fna,0
GCF_046529455.1_ASM4652945v1_genomic_100kbp_proxy.fna,0
GCA_001560755.1_NG05B_CO5_11_genomic_100kbp_proxy.fna,1
GCA_982525035.1_NRS2113_genomic_100kbp_proxy.fna,0
GCF_000497365.1_MP11_genomic_100kbp_proxy.fna,0
GCF_037757895.1_ASM3775789v1_genomic_100kbp_proxy.fna,1
GCA_003515125.1_ASM351512v1_genomic_100kbp_proxy.fna,1
GCA_052233195.1_ASM5223319v1_genomic_100kbp_proxy.fna,1
GCF_046267835.1_ASM4626783v1_genomic_100kbp_proxy.fna,0
GCA_050475285.1_ASM5047528v1_genomic_100kbp_proxy.fna,0
GCF_035822235.1_ASM3582223v1_genomic_100kbp_proxy.fna,1
GCF_001560795.1_NG05B_CO5_13_genomic_100kbp_proxy.fna,1
GCA_017901775.1_ASM1790177v1_genomic_100kbp_proxy.fna,1
GCF_035813755.1_ASM3581375v1_genomic_100kbp_proxy.fna,0
GCF_047758345.1_ASM4775834v1_genomic_100kbp_proxy.fna,0
GCA_040372575.1_ASM4037257v1_genomic_100kbp_proxy.fna,2
GCF_983018535.1_NOWI19-1_SAMN10350895_MAG_00000042_genomic_100kbp_proxy.fna,2
GCF_001750765.1_ASM175076v1_genomic_100kbp_proxy.fna,1
GCA_053551415.1_ASM5355141v1_genomic_100kbp_proxy.fna,0
GCA_055566835.1_ASM5556683v1_genomic_100kbp_proxy.fna,1
GCA_036218665.1_ASM3621866v1_genomic_100kbp_proxy.fna,1
GCF_002865715.1_ASM286571v1_genomic_100kbp_proxy.fna,1
GCF_019037965.1_ASM1903796v1_genomic_100kbp_proxy.fna,0
GCF_036221405.1_ASM3622140v1_genomic_100kbp_proxy.fna,1
GCA_040819565.1_ASM4081956v1_genomic_100kbp_proxy.fna,1
GCF_059729425.1_ASM5972942v1_genomic_100kbp_proxy.fna,2
GCA_007050185.1_ASM705018v1_genomic_100kbp_proxy.fna,1
GCF_036221825.1_ASM3622182v1_genomic_100kbp_proxy.fna,0
GCA_056679995.1_ASM5667999v1_genomic_100kbp_proxy.fna,1
GCA_037997165.1_ASM3799716v1_genomic_100kbp_proxy.fna,1
GCA_060125745.1_ASM6012574v1_genomic_100kbp_proxy.fna,0
GCA_036221765.1_ASM3622176v1_genomic_100kbp_proxy.fna,1
GCA_050463185.1_ASM5046318v1_genomic_100kbp_proxy.fna,1
GCA_036965365.1_ASM3696536v1_genomic_100kbp_proxy.fna,0
GCA_001481595.1_ASM148159v1_genomic_100kbp_proxy.fna,1
GCA_000696615.1_ASM69661v1_genomic_100kbp_proxy.fna,1
GCA_055582065.1_ASM5558206v1_genomic_100kbp_proxy.fna,1
GCA_001902555.1_ASM190255v1_genomic_100kbp_proxy.fna,0
GCA_035804575.1_ASM3580457v1_genomic_100kbp_proxy.fna,0
GCA_000209795.2_ASM20979v2_genomic_100kbp_proxy.fna,0
GCA_055524525.1_ASM5552452v1_genomic_100kbp_proxy.fna,0
GCF_018603725.1_ASM1860372v1_genomic_100kbp_proxy.fna,0
GCF_982518375.1_NRS2130_genomic_100kbp_proxy.fna,0
GCF_003265285.1_ASM326528v1_genomic_100kbp_proxy.fna,0
GCF_001481635.1_ASM148163v1_genomic_100kbp_proxy.fna,1
GCF_009857115.1_ASM985711v1_genomic_100kbp_proxy.fna,0
GCF_053538395.1_ASM5353839v1_genomic_100kbp_proxy.fna,1
GCF_035813595.1_ASM3581359v1_genomic_100kbp_proxy.fna,0
GCA_000328745.1_ASM32874v1_genomic_100kbp_proxy.fna,0
GCA_977550775.1_MarMAG_000331_genomic_100kbp_proxy.fna,2
GCF_002355995.1_ASM235599v1_genomic_100kbp_proxy.fna,2
GCA_982990525.1_NOWI19-1_SAMN09202115_MAG_00000050_genomic_100kbp_proxy.fna,2
GCA_039748995.1_ASM3974899v1_genomic_100kbp_proxy.fna,1
GCA_982988135.1_NOWI19-1_SAMN09201541_MAG_00000029_genomic_100kbp_proxy.fna,2
GCA_050475045.1_ASM5047504v1_genomic_100kbp_proxy.fna,0
GCA_024128815.1_ASM2412881v1_genomic_100kbp_proxy.fna,1
GCA_032578635.1_ASM3257863v1_genomic_100kbp_proxy.fna,0
GCF_000497345.1_MP9_genomic_100kbp_proxy.fna,0
GCA_012689465.1_ASM1268946v1_genomic_100kbp_proxy.fna,1
GCA_041514415.1_ASM4151441v1_genomic_100kbp_proxy.fna,1
GCA_015645655.1_ASM1564565v1_genomic_100kbp_proxy.fna,1
GCA_977566595.1_MarMAG_099744_genomic_100kbp_proxy.fna,2
GCF_046535715.1_ASM4653571v1_genomic_100kbp_proxy.fna,0
GCA_042738315.1_ASM4273831v1_genomic_100kbp_proxy.fna,0
GCA_000828495.1_ASM82849v1_genomic_100kbp_proxy.fna,0
GCA_028540805.1_ASM2854080v1_genomic_100kbp_proxy.fna,0
GCA_015602625.1_ASM1560262v1_genomic_100kbp_proxy.fna,0
GCA_050468385.1_ASM5046838v1_genomic_100kbp_proxy.fna,0
GCA_028540425.1_ASM2854042v1_genomic_100kbp_proxy.fna,0
GCA_021398545.1_ASM2139854v1_genomic_100kbp_proxy.fna,1
GCA_037201705.1_ASM3720170v1_genomic_100kbp_proxy.fna,1
GCF_001560375.1_NG05B_C03_01_genomic_100kbp_proxy.fna,1
GCF_035814235.1_ASM3581423v1_genomic_100kbp_proxy.fna,1
GCA_029536755.2_ASM2953675v2_genomic_100kbp_proxy.fna,0
GCF_030769525.1_ASM3076952v1_genomic_100kbp_proxy.fna,0
GCF_037914925.1_ASM3791492v1_genomic_100kbp_proxy.fna,0
GCA_982983315.1_NOWI19-1_SAMN09201853_MAG_00000054_genomic_100kbp_proxy.fna,2
GCF_023521175.1_ASM2352117v1_genomic_100kbp_proxy.fna,0
GCA_035810255.1_ASM3581025v1_genomic_100kbp_proxy.fna,1
GCA_019931715.1_ASM1993171v1_genomic_100kbp_proxy.fna,1
GCA_041051865.1_ASM4105186v1_genomic_100kbp_proxy.fna,0
GCA_052038055.2_ASM5203805v2_genomic_100kbp_proxy.fna,0
GCF_003833295.1_ASM383329v1_genomic_100kbp_proxy.fna,0
GCA_000293765.1_ASM29376v1_genomic_100kbp_proxy.fna,0
GCA_003710285.1_ASM371028v1_genomic_100kbp_proxy.fna,0
GCF_980643915.1_23FF04-BHI-01_genomic_100kbp_proxy.fna,1
GCA_044546425.1_ASM4454642v1_genomic_100kbp_proxy.fna,0
GCF_049311615.1_ASM4931161v1_genomic_100kbp_proxy.fna,0
GCF_020859605.1_ASM2085960v1_genomic_100kbp_proxy.fna,0
GCA_028540345.1_ASM2854034v1_genomic_100kbp_proxy.fna,0
GCA_023571865.1_ASM2357186v1_genomic_100kbp_proxy.fna,1
GCA_030273385.1_ASM3027338v1_genomic_100kbp_proxy.fna,1
GCF_004103535.1_ASM410353v1_genomic_100kbp_proxy.fna,1
GCA_015645725.1_ASM1564572v1_genomic_100kbp_proxy.fna,1
GCF_052037795.2_ASM5203779v2_genomic_100kbp_proxy.fna,1
GCF_019974395.1_ASM1997439v1_genomic_100kbp_proxy.fna,2
GCA_036213515.1_ASM3621351v1_genomic_100kbp_proxy.fna,1
GCA_047120225.1_ASM4712022v1_genomic_100kbp_proxy.fna,0
GCF_035822795.1_ASM3582279v1_genomic_100kbp_proxy.fna,1
GCA_905319545.2_NRS6187B_genomic_100kbp_proxy.fna,1
GCA_050113215.1_ASM5011321v1_genomic_100kbp_proxy.fna,0
GCF_009834865.1_ASM983486v1_genomic_100kbp_proxy.fna,0
GCA_036213305.1_ASM3621330v1_genomic_100kbp_proxy.fna,1
GCF_024585045.1_ASM2458504v1_genomic_100kbp_proxy.fna,0
GCA_050464385.1_ASM5046438v1_genomic_100kbp_proxy.fna,0
GCA_027942395.1_ASM2794239v1_genomic_100kbp_proxy.fna,0
GCF_000258245.1_ASM25824v1_genomic_100kbp_proxy.fna,2
GCA_023713845.1_ASM2371384v1_genomic_100kbp_proxy.fna,0
GCA_051016515.1_ASM5101651v1_genomic_100kbp_proxy.fna,1
GCF_037201935.1_ASM3720193v1_genomic_100kbp_proxy.fna,0
GCA_042792655.1_ASM4279265v1_genomic_100kbp_proxy.fna,1
GCA_052693165.1_ASM5269316v1_genomic_100kbp_proxy.fna,1
GCA_015776795.1_ASM1577679v1_genomic_100kbp_proxy.fna,1
GCF_053713335.1_ASM5371333v1_genomic_100kbp_proxy.fna,0
GCA_039917025.1_ASM3991702v1_genomic_100kbp_proxy.fna,0
GCA_905318255.2_NRS6181B_genomic_100kbp_proxy.fna,1
GCF_000830645.1_ASM83064v1_genomic_100kbp_proxy.fna,1
GCA_035805295.1_ASM3580529v1_genomic_100kbp_proxy.fna,1
GCA_983001025.1_NOWI19-1_SAMN09201450_MAG_00000028_genomic_100kbp_proxy.fna,2
GCF_026795275.1_ASM2679527v1_genomic_100kbp_proxy.fna,0
GCF_009884005.1_ASM988400v1_genomic_100kbp_proxy.fna,1
GCF_009662255.1_ASM966225v1_genomic_100kbp_proxy.fna,1
GCA_018122475.1_ASM1812247v1_genomic_100kbp_proxy.fna,0
GCA_042274205.1_ASM4227420v1_genomic_100kbp_proxy.fna,1
GCF_060301585.1_ASM6030158v1_genomic_100kbp_proxy.fna,1
GCF_023521615.1_ASM2352161v1_genomic_100kbp_proxy.fna,1
GCA_030016405.1_ASM3001640v1_genomic_100kbp_proxy.fna,1
GCF_036231745.1_ASM3623174v1_genomic_100kbp_proxy.fna,0
GCA_001560685.1_NG05B_CO5_08_genomic_100kbp_proxy.fna,1
GCF_048381595.1_ASM4838159v1_genomic_100kbp_proxy.fna,1
GCA_024508175.1_ASM2450817v1_genomic_100kbp_proxy.fna,0
GCA_056433385.1_ASM5643338v1_genomic_100kbp_proxy.fna,0
GCA_050476385.1_ASM5047638v1_genomic_100kbp_proxy.fna,0
GCA_055283785.1_ASM5528378v1_genomic_100kbp_proxy.fna,1
GCF_905319145.1_NRS6185_genomic_100kbp_proxy.fna,1
GCF_045037735.1_ASM4503773v1_genomic_100kbp_proxy.fna,1
GCA_002215565.1_ASM221556v1_genomic_100kbp_proxy.fna,1
GCA_050455805.1_ASM5045580v1_genomic_100kbp_proxy.fna,1
GCF_030122885.1_ASM3012288v1_genomic_100kbp_proxy.fna,0
GCA_042792495.1_ASM4279249v1_genomic_100kbp_proxy.fna,0
GCF_054481095.1_ASM5448109v1_genomic_100kbp_proxy.fna,1
GCA_002163815.1_ASM216381v1_genomic_100kbp_proxy.fna,1
GCF_963692735.1_SQ513ccp_genomic_100kbp_proxy.fna,0
GCF_002055965.1_ASM205596v1_genomic_100kbp_proxy.fna,0
GCA_051851495.1_ASM5185149v1_genomic_100kbp_proxy.fna,0
GCA_003144575.1_ASM314457v1_genomic_100kbp_proxy.fna,1
GCF_000409585.1_Hal1_genomic_100kbp_proxy.fna,1
GCA_030767265.1_ASM3076726v1_genomic_100kbp_proxy.fna,0
GCA_030348595.1_ASM3034859v1_genomic_100kbp_proxy.fna,0
GCA_056665445.1_Bac6_genomic_100kbp_proxy.fna,1
GCA_029762015.2_ASM2976201v2_genomic_100kbp_proxy.fna,1
GCF_019974155.1_ASM1997415v1_genomic_100kbp_proxy.fna,2
GCF_977010345.1_NRS7980_genomic_100kbp_proxy.fna,0
GCF_007667515.1_ASM766751v1_genomic_100kbp_proxy.fna,1
GCA_001889385.1_ASM188938v1_genomic_100kbp_proxy.fna,0
GCF_982776955.1_FORT15-1_SAMEA3355524_MAG_00000026_genomic_100kbp_proxy.fna,2
GCA_007995205.1_ASM799520v1_genomic_100kbp_proxy.fna,0
GCA_050461005.1_ASM5046100v1_genomic_100kbp_proxy.fna,1
GCF_035812275.1_ASM3581227v1_genomic_100kbp_proxy.fna,0
GCA_053607445.1_ASM5360744v1_genomic_100kbp_proxy.fna,1
GCF_012028945.1_ASM1202894v1_genomic_100kbp_proxy.fna,0
GCF_056858235.1_ASM5685823v1_genomic_100kbp_proxy.fna,0
GCA_038594285.1_ASM3859428v1_genomic_100kbp_proxy.fna,0
GCF_058629315.1_ASM5862931v1_genomic_100kbp_proxy.fna,1
GCA_000523045.1_ASM52304v1_genomic_100kbp_proxy.fna,0
GCA_050476145.1_ASM5047614v1_genomic_100kbp_proxy.fna,1
GCA_964033655.2_BS517c_contigs_annotated_genomic_100kbp_proxy.fna,0
GCA_036219345.1_ASM3621934v1_genomic_100kbp_proxy.fna,1
GCF_905311385.2_NRS6116B_genomic_100kbp_proxy.fna,1
GCA_009913515.1_ASM991351v1_genomic_100kbp_proxy.fna,0
GCF_031316525.1_ASM3131652v1_genomic_100kbp_proxy.fna,1
GCA_009741365.1_ASM974136v1_genomic_100kbp_proxy.fna,0
GCA_983026025.1_NOWI19-1_SAMN10351036_MAG_00000056_genomic_100kbp_proxy.fna,2
GCF_023715025.1_ASM2371502v1_genomic_100kbp_proxy.fna,0
GCA_007671975.1_ASM767197v1_genomic_100kbp_proxy.fna,1
GCA_004119815.1_ASM411981v1_genomic_100kbp_proxy.fna,0
GCA_049706275.1_ASM4970627v1_genomic_100kbp_proxy.fna,0
GCA_042790275.1_ASM4279027v1_genomic_100kbp_proxy.fna,0
GCF_001560715.1_NG05B_CO5_09_genomic_100kbp_proxy.fna,1
GCA_035825195.1_ASM3582519v1_genomic_100kbp_proxy.fna,1
GCF_025716825.1_ASM2571682v1_genomic_100kbp_proxy.fna,1
GCF_036221365.1_ASM3622136v1_genomic_100kbp_proxy.fna,0
GCA_001698505.1_ASM169850v1_genomic_100kbp_proxy.fna,1
GCF_059025425.1_ASM5902542v1_genomic_100kbp_proxy.fna,0
GCF_036365295.1_ASM3636529v1_genomic_100kbp_proxy.fna,0
GCF_039654045.1_YB955_UNLV_AUG_23_genomic_100kbp_proxy.fna,1
GCA_035805055.1_ASM3580505v1_genomic_100kbp_proxy.fna,0
GCA_982974445.1_NOWI19-1_SAMN10351355_MAG_00000081_genomic_100kbp_proxy.fna,2
GCF_905315035.2_NRS6121B_genomic_100kbp_proxy.fna,1
GCA_036219365.1_ASM3621936v1_genomic_100kbp_proxy.fna,1
GCA_020509345.1_ASM2050934v1_genomic_100kbp_proxy.fna,0
GCA_982525025.1_NRS2106_genomic_100kbp_proxy.fna,1
GCF_050051195.1_ASM5005119v1_genomic_100kbp_proxy.fna,1
GCA_042264605.1_ASM4226460v1_genomic_100kbp_proxy.fna,1
GCA_905319535.2_NRS6202B_genomic_100kbp_proxy.fna,0
GCA_977551705.1_MarMAG_000342_genomic_100kbp_proxy.fna,2
GCF_001560515.1_NG05B_C06_11_genomic_100kbp_proxy.fna,1
GCA_982524975.1_NRS2104_genomic_100kbp_proxy.fna,1
GCF_016411915.1_ASM1641191v1_genomic_100kbp_proxy.fna,0
GCA_023369715.1_ASM2336971v1_genomic_100kbp_proxy.fna,0
GCA_029537095.2_ASM2953709v2_genomic_100kbp_proxy.fna,1
GCA_000772205.1_ASM77220v1_genomic_100kbp_proxy.fna,0
GCA_004119875.1_ASM411987v1_genomic_100kbp_proxy.fna,1
GCF_019037205.1_ASM1903720v1_genomic_100kbp_proxy.fna,1
GCF_055455695.1_ASM5545569v1_genomic_100kbp_proxy.fna,0
GCA_046533835.1_ASM4653383v1_genomic_100kbp_proxy.fna,1
GCF_035809475.1_ASM3580947v1_genomic_100kbp_proxy.fna,0
GCA_009913575.1_ASM991357v1_genomic_100kbp_proxy.fna,1
GCF_056626575.1_ASM5662657v1_genomic_100kbp_proxy.fna,1
GCA_035805075.1_ASM3580507v1_genomic_100kbp_proxy.fna,0
GCF_036219005.1_ASM3621900v1_genomic_100kbp_proxy.fna,0
GCF_000832195.1_ASM83219v1_genomic_100kbp_proxy.fna,1
GCF_035813015.1_ASM3581301v1_genomic_100kbp_proxy.fna,0
GCA_050379895.1_ASM5037989v1_genomic_100kbp_proxy.fna,0
GCA_035812135.1_ASM3581213v1_genomic_100kbp_proxy.fna,1
GCF_025809235.1_ASM2580923v1_genomic_100kbp_proxy.fna,1
GCF_022701095.1_ASM2270109v1_genomic_100kbp_proxy.fna,0
GCF_015654205.1_ASM1565420v1_genomic_100kbp_proxy.fna,1
GCF_035822575.1_ASM3582257v1_genomic_100kbp_proxy.fna,1
GCA_009662195.1_ASM966219v1_genomic_100kbp_proxy.fna,1
GCF_026793955.1_ASM2679395v1_genomic_100kbp_proxy.fna,1
GCF_029916985.1_ASM2991698v1_genomic_100kbp_proxy.fna,0
GCF_056108325.1_ASM5610832v1_genomic_100kbp_proxy.fna,1
GCA_029762035.2_ASM2976203v2_genomic_100kbp_proxy.fna,1
GCA_000973605.1_ASM97360v1_genomic_100kbp_proxy.fna,0
GCF_036213285.1_ASM3621328v1_genomic_100kbp_proxy.fna,0
GCF_977010955.1_NRS7976_genomic_100kbp_proxy.fna,1
GCF_028807155.1_ASM2880715v1_genomic_100kbp_proxy.fna,1
GCA_026799655.1_ASM2679965v1_genomic_100kbp_proxy.fna,1
GCA_009914155.1_ASM991415v1_genomic_100kbp_proxy.fna,0
GCF_035804395.1_ASM3580439v1_genomic_100kbp_proxy.fna,0
GCA_058629295.1_ASM5862929v1_genomic_100kbp_proxy.fna,1
GCA_030643765.1_ASM3064376v1_genomic_100kbp_proxy.fna,1
GCF_014171535.1_ASM1417153v1_genomic_100kbp_proxy.fna,0
GCF_016774345.1_ASM1677434v1_genomic_100kbp_proxy.fna,0
GCA_018122455.1_ASM1812245v1_genomic_100kbp_proxy.fna,0
GCF_013267025.1_ASM1326702v1_genomic_100kbp_proxy.fna,0
GCA_050457025.1_ASM5045702v1_genomic_100kbp_proxy.fna,0
GCF_023521635.1_ASM2352163v1_genomic_100kbp_proxy.fna,0
GCF_002906075.1_ASM290607v1_genomic_100kbp_proxy.fna,1
GCF_027923485.1_ASM2792348v1_genomic_100kbp_proxy.fna,0
GCF_009662235.1_ASM966223v1_genomic_100kbp_proxy.fna,1
GCA_055455735.1_ASM5545573v1_genomic_100kbp_proxy.fna,1
GCF_023520855.1_ASM2352085v1_genomic_100kbp_proxy.fna,0
GCA_025732155.1_ASM2573215v1_genomic_100kbp_proxy.fna,1
GCA_050314355.1_ASM5031435v1_genomic_100kbp_proxy.fna,0
GCF_029537135.2_ASM2953713v2_genomic_100kbp_proxy.fna,0
GCF_054962455.1_ASM5496245v1_genomic_100kbp_proxy.fna,1
GCA_035811755.1_ASM3581175v1_genomic_100kbp_proxy.fna,1
GCA_056674935.1_ASM5667493v1_genomic_100kbp_proxy.fna,1
GCA_057396125.1_ASM5739612v1_genomic_100kbp_proxy.fna,1
GCF_021233235.1_ASM2123323v1_genomic_100kbp_proxy.fna,1
GCF_050972025.1_ASM5097202v1_genomic_100kbp_proxy.fna,0
GCF_053609865.1_ASM5360986v1_genomic_100kbp_proxy.fna,0
GCF_007665695.1_ASM766569v1_genomic_100kbp_proxy.fna,0
GCA_020552665.1_ASM2055266v1_genomic_100kbp_proxy.fna,0
GCF_000245295.1_ASM24529v1_genomic_100kbp_proxy.fna,0
GCF_035812095.1_ASM3581209v1_genomic_100kbp_proxy.fna,1
GCF_032598945.1_ASM3259894v1_genomic_100kbp_proxy.fna,1
GCA_003086385.1_ASM308638v1_genomic_100kbp_proxy.fna,1
GCA_028540365.1_ASM2854036v1_genomic_100kbp_proxy.fna,0
GCA_054481115.1_ASM5448111v1_genomic_100kbp_proxy.fna,0
GCF_040548925.1_ASM4054892v1_genomic_100kbp_proxy.fna,0
GCA_015645705.1_ASM1564570v1_genomic_100kbp_proxy.fna,1
GCF_036962225.1_ASM3696222v1_genomic_100kbp_proxy.fna,1
GCA_001342275.1_6755_6_9_genomic_100kbp_proxy.fna,1
GCF_035807735.1_ASM3580773v1_genomic_100kbp_proxy.fna,0
GCA_019038065.1_ASM1903806v1_genomic_100kbp_proxy.fna,1
GCF_982518465.1_NRS2125_genomic_100kbp_proxy.fna,1
GCA_046592435.1_ASM4659243v1_genomic_100kbp_proxy.fna,1
GCA_042671695.1_ASM4267169v1_genomic_100kbp_proxy.fna,0
GCF_027497435.1_ASM2749743v1_genomic_100kbp_proxy.fna,1
GCF_036213045.1_ASM3621304v1_genomic_100kbp_proxy.fna,0
GCA_905319825.1_NRS6205_genomic_100kbp_proxy.fna,1
GCF_030519455.1_ASM3051945v1_genomic_100kbp_proxy.fna,1
GCF_030348835.1_ASM3034883v1_genomic_100kbp_proxy.fna,1
GCF_004103555.1_ASM410355v1_genomic_100kbp_proxy.fna,1
GCF_060371975.1_ASM6037197v1_genomic_100kbp_proxy.fna,1
GCF_052827765.1_ASM5282776v1_genomic_100kbp_proxy.fna,1
GCF_001560595.1_NG05B_CO5_02_genomic_100kbp_proxy.fna,1
GCA_025021505.1_ASM2502150v1_genomic_100kbp_proxy.fna,0
GCA_042792675.1_ASM4279267v1_genomic_100kbp_proxy.fna,1
GCA_022846275.1_ASM2284627v1_genomic_100kbp_proxy.fna,2
GCA_028541125.1_ASM2854112v1_genomic_100kbp_proxy.fna,0
GCA_003011815.1_ASM301181v1_genomic_100kbp_proxy.fna,0
GCA_001560725.1_NG05B_CO5_10_genomic_100kbp_proxy.fna,1
GCF_019583555.1_ASM1958355v1_genomic_100kbp_proxy.fna,0
GCA_054331625.1_ASM5433162v1_genomic_100kbp_proxy.fna,0
GCA_003833205.1_ASM383320v1_genomic_100kbp_proxy.fna,1
GCA_000934165.1_ASM93416v1_genomic_100kbp_proxy.fna,1
GCA_977572615.1_MarMAG_000333_genomic_100kbp_proxy.fna,2
GCF_035814215.1_ASM3581421v1_genomic_100kbp_proxy.fna,0
GCA_023714485.1_ASM2371448v1_genomic_100kbp_proxy.fna,1
GCA_037844445.1_ASM3784444v1_genomic_100kbp_proxy.fna,1
GCA_050456925.1_ASM5045692v1_genomic_100kbp_proxy.fna,0
GCF_060938635.1_ASM6093863v1_genomic_100kbp_proxy.fna,1
GCA_029536775.2_ASM2953677v2_genomic_100kbp_proxy.fna,1
GCF_905319135.2_NRS6186B_genomic_100kbp_proxy.fna,1
GCA_030016555.1_ASM3001655v1_genomic_100kbp_proxy.fna,1
GCA_012647565.1_ASM1264756v1_genomic_100kbp_proxy.fna,1
GCA_905310975.2_NRS6085B_genomic_100kbp_proxy.fna,1
GCA_057736505.1_ASM5773650v1_genomic_100kbp_proxy.fna,1
GCF_000724125.1_BSUBE1_genomic_100kbp_proxy.fna,0
GCA_057334615.1_ASM5733461v1_genomic_100kbp_proxy.fna,1
GCF_004101345.1_ASM410134v1_genomic_100kbp_proxy.fna,0
GCA_900454375.1_59024_G01_genomic_100kbp_proxy.fna,1
GCA_001560215.1_GG12_C01_17_genomic_100kbp_proxy.fna,1
GCA_037749255.1_ASM3774925v1_genomic_100kbp_proxy.fna,1
GCA_052038075.2_ASM5203807v2_genomic_100kbp_proxy.fna,0
GCF_001560115.1_GG12_C01_11_genomic_100kbp_proxy.fna,1
GCA_032681245.1_ASM3268124v1_genomic_100kbp_proxy.fna,1
GCA_042788955.1_ASM4278895v1_genomic_100kbp_proxy.fna,1
GCF_034377505.1_ASM3437750v1_genomic_100kbp_proxy.fna,0
GCF_983018995.1_NOWI19-1_SAMN09201441_MAG_00000073_genomic_100kbp_proxy.fna,2
GCF_980642315.1_23FF4-BHI-03_genomic_100kbp_proxy.fna,0
GCA_040743115.1_ASM4074311v1_genomic_100kbp_proxy.fna,1
GCA_050477685.1_ASM5047768v1_genomic_100kbp_proxy.fna,1
GCA_000227485.1_ASM22748v1_genomic_100kbp_proxy.fna,0
GCA_035812495.1_ASM3581249v1_genomic_100kbp_proxy.fna,0
GCF_036967215.1_ASM3696721v1_genomic_100kbp_proxy.fna,1
GCA_001560385.1_NG05B_C06_02_genomic_100kbp_proxy.fna,1
GCF_003399995.1_ASM339999v1_genomic_100kbp_proxy.fna,0
GCF_030348565.1_ASM3034856v1_genomic_100kbp_proxy.fna,1
GCF_009914705.1_ASM991470v1_genomic_100kbp_proxy.fna,1
GCA_014878105.1_ASM1487810v1_genomic_100kbp_proxy.fna,0
GCF_047121255.1_ASM4712125v1_genomic_100kbp_proxy.fna,0
GCA_029350885.1_ASM2935088v1_genomic_100kbp_proxy.fna,0
GCA_052037985.2_ASM5203798v2_genomic_100kbp_proxy.fna,1
GCF_982963605.1_NOWI19-1_SAMN09201849_MAG_00000082_genomic_100kbp_proxy.fna,2
GCA_003665395.1_ASM366539v1_genomic_100kbp_proxy.fna,1
GCA_001559955.1_GG12_C01_01_genomic_100kbp_proxy.fna,1
GCA_042731935.1_ASM4273193v1_genomic_100kbp_proxy.fna,1
GCA_002215445.1_ASM221544v1_genomic_100kbp_proxy.fna,1
GCF_001015095.1_ASM101509v1_genomic_100kbp_proxy.fna,1
GCA_028540825.1_ASM2854082v1_genomic_100kbp_proxy.fna,1
GCF_024653155.1_ASM2465315v1_genomic_100kbp_proxy.fna,0
GCA_028540405.1_ASM2854040v1_genomic_100kbp_proxy.fna,1
GCA_905319795.1_NRS6204_genomic_100kbp_proxy.fna,0
GCF_001742365.1_ASM174236v1_genomic_100kbp_proxy.fna,1
GCA_038405335.1_ASM3840533v1_genomic_100kbp_proxy.fna,1
GCF_052145425.1_ASM5214542v1_genomic_100kbp_proxy.fna,0
GCA_035658515.1_ASM3565851v1_genomic_100kbp_proxy.fna,0
GCF_055283775.1_ASM5528377v1_genomic_100kbp_proxy.fna,0
GCA_036687325.1_TTHB27_delta_csm3_genomic_100kbp_proxy.fna,2
GCF_035804635.1_ASM3580463v1_genomic_100kbp_proxy.fna,0
GCF_033845325.1_ASM3384532v1_genomic_100kbp_proxy.fna,0
GCF_002269175.1_ASM226917v1_genomic_100kbp_proxy.fna,1
GCA_054065535.1_ASM5406553v1_genomic_100kbp_proxy.fna,0
GCF_060301005.1_ASM6030100v1_genomic_100kbp_proxy.fna,0
GCA_042667625.1_ASM4266762v1_genomic_100kbp_proxy.fna,1
GCA_042790535.1_ASM4279053v1_genomic_100kbp_proxy.fna,0
GCA_034258595.1_ASM3425859v1_genomic_100kbp_proxy.fna,0
GCF_055378935.1_ASM5537893v1_genomic_100kbp_proxy.fna,1
GCF_046529535.1_Bacillus_subtilis_KK001_genomic_100kbp_proxy.fna,1
GCA_001560455.1_NG05B_C06_05_genomic_100kbp_proxy.fna,1
GCA_036221745.1_ASM3622174v1_genomic_100kbp_proxy.fna,0
GCA_042264165.1_ASM4226416v1_genomic_100kbp_proxy.fna,1
GCF_000952895.1_BS34ACh_genomic_100kbp_proxy.fna,1
GCF_055698885.1_ASM5569888v1_genomic_100kbp_proxy.fna,0
GCA_024220155.1_ASM2422015v1_genomic_100kbp_proxy.fna,0
GCA_059053515.1_ASM5905351v1_genomic_100kbp_proxy.fna,1
GCA_035804555.1_ASM3580455v1_genomic_100kbp_proxy.fna,0
GCA_042795475.1_ASM4279547v1_genomic_100kbp_proxy.fna,1
GCF_002142595.1_ASM214259v1_genomic_100kbp_proxy.fna,0
GCF_009662375.1_ASM966237v1_genomic_100kbp_proxy.fna,1
GCA_001560565.1_NG05B_CO5_01_genomic_100kbp_proxy.fna,1
GCF_047947055.1_ASM4794705v1_genomic_100kbp_proxy.fna,0
GCF_018223525.1_ASM1822352v1_genomic_100kbp_proxy.fna,0
GCA_000230755.2_ASM23075v2_genomic_100kbp_proxy.fna,0
GCA_024259785.1_ASM2425978v1_genomic_100kbp_proxy.fna,1
GCA_000971925.1_ASM97192v1_genomic_100kbp_proxy.fna,0
GCA_042793195.1_ASM4279319v1_genomic_100kbp_proxy.fna,1
GCA_035813835.1_ASM3581383v1_genomic_100kbp_proxy.fna,0
GCF_052146085.1_ASM5214608v1_genomic_100kbp_proxy.fna,1
GCF_002379325.1_ASM237932v1_genomic_100kbp_proxy.fna,2
GCA_049945055.1_ASM4994505v1_genomic_100kbp_proxy.fna,0
GCA_025847675.1_ASM2584767v1_genomic_100kbp_proxy.fna,0
GCF_905311405.2_NRS6107B_genomic_100kbp_proxy.fna,1
GCF_014100815.1_ASM1410081v1_genomic_100kbp_proxy.fna,2
GCF_029350925.1_ASM2935092v1_genomic_100kbp_proxy.fna,0
GCF_037747845.1_ASM3774784v1_genomic_100kbp_proxy.fna,1
GCF_041949745.1_ASM4194974v1_genomic_100kbp_proxy.fna,1
GCF_002220075.1_ASM222007v1_genomic_100kbp_proxy.fna,1
GCA_019704395.1_ASM1970439v1_genomic_100kbp_proxy.fna,0
GCF_017601115.1_ASM1760111v1_genomic_100kbp_proxy.fna,1
GCA_982983345.1_NOWI19-1_SAMN10350898_MAG_00000050_genomic_100kbp_proxy.fna,2
GCF_037201685.1_ASM3720168v1_genomic_100kbp_proxy.fna,1
GCF_041224885.1_ASM4122488v1_genomic_100kbp_proxy.fna,0
GCA_004294565.1_ASM429456v1_genomic_100kbp_proxy.fna,1
GCF_058137905.1_ASM5813790v1_genomic_100kbp_proxy.fna,1
GCA_049949125.1_ASM4994912v1_genomic_100kbp_proxy.fna,1
GCF_051515105.1_ASM5151510v1_genomic_100kbp_proxy.fna,1
GCF_047273435.1_ASM4727343v1_genomic_100kbp_proxy.fna,0
GCF_002216085.1_ASM221608v1_genomic_100kbp_proxy.fna,1
GCF_025367495.1_ASM2536749v1_genomic_100kbp_proxy.fna,1
GCA_051912515.1_ASM5191251v1_genomic_100kbp_proxy.fna,1
GCF_002998795.1_ASM299879v1_genomic_100kbp_proxy.fna,0
GCA_003417435.1_ASM341743v1_genomic_100kbp_proxy.fna,1
GCA_032680865.1_ASM3268086v1_genomic_100kbp_proxy.fna,1
GCF_022453545.1_ASM2245354v1_genomic_100kbp_proxy.fna,1
GCF_060855465.1_ASM6085546v1_genomic_100kbp_proxy.fna,1
GCA_050457305.1_ASM5045730v1_genomic_100kbp_proxy.fna,0
GCF_057334135.1_ASM5733413v1_genomic_100kbp_proxy.fna,0
GCA_009937745.1_ASM993774v1_genomic_100kbp_proxy.fna,1
GCF_042264485.1_ASM4226448v1_genomic_100kbp_proxy.fna,1
GCF_044499385.1_ASM4449938v1_genomic_100kbp_proxy.fna,0
GCF_019884805.1_ASM1988480v1_genomic_100kbp_proxy.fna,2
GCF_000934165.1_ASM93416v1_genomic_100kbp_proxy.fna,1
GCF_018394175.1_ASM1839417v1_genomic_100kbp_proxy.fna,0
GCF_982983745.1_NOWI19-1_SAMN09201452_MAG_00000043_genomic_100kbp_proxy.fna,2
GCA_035828575.1_ASM3582857v1_genomic_100kbp_proxy.fna,0
GCA_035805195.1_ASM3580519v1_genomic_100kbp_proxy.fna,1
GCA_053609825.1_ASM5360982v1_genomic_100kbp_proxy.fna,0
GCF_002096095.1_ASM209609v1_genomic_100kbp_proxy.fna,1
GCF_050884255.1_ASM5088425v1_genomic_100kbp_proxy.fna,1
GCA_042755865.1_ASM4275586v1_genomic_100kbp_proxy.fna,0
GCA_002205435.1_ASM220543v1_genomic_100kbp_proxy.fna,1
GCA_056836705.1_ASM5683670v1_genomic_100kbp_proxy.fna,0
GCF_900110305.1_IMG-taxon_2623620441_annotated_assembly_genomic_100kbp_proxy.fna,0
GCA_051904005.1_ASM5190400v1_genomic_100kbp_proxy.fna,0
GCA_028541205.1_ASM2854120v1_genomic_100kbp_proxy.fna,0
GCA_036222565.1_ASM3622256v1_genomic_100kbp_proxy.fna,1
GCA_050460385.1_ASM5046038v1_genomic_100kbp_proxy.fna,1
GCF_054481155.1_ASM5448115v1_genomic_100kbp_proxy.fna,1
GCA_905311035.2_NRS6096B_genomic_100kbp_proxy.fna,0
GCF_055702205.1_ASM5570220v1_genomic_100kbp_proxy.fna,0
GCA_010578225.1_ASM1057822v1_genomic_100kbp_proxy.fna,0
GCF_014879275.1_ASM1487927v1_genomic_100kbp_proxy.fna,0
GCF_027533785.1_ASM2753378v1_genomic_100kbp_proxy.fna,0
GCA_028864775.1_ASM2886477v1_genomic_100kbp_proxy.fna,0
GCA_905310985.2_NRS6099B_genomic_100kbp_proxy.fna,1
GCF_046592855.1_ASM4659285v1_genomic_100kbp_proxy.fna,0
GCA_022370975.1_ASM2237097v1_genomic_100kbp_proxy.fna,1
GCA_977569975.1_MarMAG_000340_genomic_100kbp_proxy.fna,2
GCF_036213365.1_ASM3621336v1_genomic_100kbp_proxy.fna,0
GCA_055791245.1_ASM5579124v1_genomic_100kbp_proxy.fna,0
GCF_000227485.1_ASM22748v1_genomic_100kbp_proxy.fna,0
GCA_060371935.1_ASM6037193v1_genomic_100kbp_proxy.fna,0
GCF_007829495.1_ASM782949v1_genomic_100kbp_proxy.fna,0
GCA_035813295.1_ASM3581329v1_genomic_100kbp_proxy.fna,1
GCA_046573225.1_ASM4657322v1_genomic_100kbp_proxy.fna,1
GCA_004119635.1_ASM411963v1_genomic_100kbp_proxy.fna,1
GCA_039654045.1_YB955_UNLV_AUG_23_genomic_100kbp_proxy.fna,0
GCA_055754995.1_ASM5575499v1_genomic_100kbp_proxy.fna,0
GCF_004119595.1_ASM411959v1_genomic_100kbp_proxy.fna,0
GCA_023509705.1_ASM2350970v1_genomic_100kbp_proxy.fna,0
GCF_982524965.1_NRS2103_genomic_100kbp_proxy.fna,1
GCA_052360545.1_ASM5236054v1_genomic_100kbp_proxy.fna,0
GCF_001560245.1_GG12_C01_18_genomic_100kbp_proxy.fna,1
GCA_900177305.1_IMG-taxon_2547132509_annotated_assembly_genomic_100kbp_proxy.fna,1
GCA_001604995.1_ASM160499v1_genomic_100kbp_proxy.fna,0
GCF_001661555.1_ASM166155v1_genomic_100kbp_proxy.fna,0
GCA_014046405.1_ASM1404640v1_genomic_100kbp_proxy.fna,0
GCA_042667855.1_ASM4266785v1_genomic_100kbp_proxy.fna,1
GCA_983010485.1_NOWI19-1_SAMN09201602_MAG_00000110_genomic_100kbp_proxy.fna,2
GCF_026639155.1_ASM2663915v1_genomic_100kbp_proxy.fna,0
GCF_001876485.1_ASM187648v1_genomic_100kbp_proxy.fna,0
GCA_001747445.1_ASM174744v1_genomic_100kbp_proxy.fna,1
GCA_007829735.1_ASM782973v1_genomic_100kbp_proxy.fna,0
GCA_013388335.1_ASM1338833v1_genomic_100kbp_proxy.fna,1
GCA_056433245.1_ASM5643324v1_genomic_100kbp_proxy.fna,0
GCA_980643915.1_23FF04-BHI-01_genomic_100kbp_proxy.fna,0
GCA_035809435.1_ASM3580943v1_genomic_100kbp_proxy.fna,1
GCA_057736595.1_ASM5773659v1_genomic_100kbp_proxy.fna,0
GCF_015881035.1_ASM1588103v1_genomic_100kbp_proxy.fna,1
GCA_000009045.1_ASM904v1_genomic_100kbp_proxy.fna,1
GCF_035814285.1_ASM3581428v1_genomic_100kbp_proxy.fna,0
GCF_055701465.1_ASM5570146v1_genomic_100kbp_proxy.fna,1
GCF_035805035.1_ASM3580503v1_genomic_100kbp_proxy.fna,0
GCA_004101445.1_ASM410144v1_genomic_100kbp_proxy.fna,0
GCF_034858155.1_ASM3485815v1_genomic_100kbp_proxy.fna,1
GCA_035813055.1_ASM3581305v1_genomic_100kbp_proxy.fna,0
GCF_035812175.1_ASM3581217v1_genomic_100kbp_proxy.fna,0
GCA_007666315.1_ASM766631v1_genomic_100kbp_proxy.fna,1
GCA_056631855.1_ASM5663185v1_genomic_100kbp_proxy.fna,0
GCA_977010325.1_NRS7981_genomic_100kbp_proxy.fna,0
GCA_033413615.1_ASM3341361v1_genomic_100kbp_proxy.fna,0
GCA_002269195.1_ASM226919v1_genomic_100kbp_proxy.fna,1
GCA_047785725.1_ASM4778572v1_genomic_100kbp_proxy.fna,1
GCA_013620725.1_ASM1362072v1_genomic_100kbp_proxy.fna,0
GCA_052120875.1_ASM5212087v1_genomic_100kbp_proxy.fna,1
GCF_000971925.1_ASM97192v1_genomic_100kbp_proxy.fna,0
GCA_005849145.1_ASM584914v1_genomic_100kbp_proxy.fna,1
GCF_001560035.1_GG12_C01_05_genomic_100kbp_proxy.fna,1
GCF_977010375.1_NRS7979_genomic_100kbp_proxy.fna,0
GCA_001560405.1_NG05B_C06_03_genomic_100kbp_proxy.fna,1
GCF_010614705.1_ASM1061470v1_genomic_100kbp_proxy.fna,0
GCF_003265645.1_ASM326564v1_genomic_100kbp_proxy.fna,1
GCA_040513675.1_ASM4051367v1_genomic_100kbp_proxy.fna,1
GCA_052037915.2_ASM5203791v2_genomic_100kbp_proxy.fna,0
GCF_012648345.1_ASM1264834v1_genomic_100kbp_proxy.fna,0
GCF_028870335.1_ASM2887033v1_genomic_100kbp_proxy.fna,0
GCF_030262585.1_ASM3026258v1_genomic_100kbp_proxy.fna,1
GCA_039770055.1_ASM3977005v1_genomic_100kbp_proxy.fna,0
GCA_035812215.1_ASM3581221v1_genomic_100kbp_proxy.fna,0
GCA_030316035.1_ASM3031603v1_genomic_100kbp_proxy.fna,0
GCA_028807115.1_ASM2880711v1_genomic_100kbp_proxy.fna,0
GCA_028748025.1_ASM2874802v1_genomic_100kbp_proxy.fna,0
GCF_054979585.1_ASM5497958v1_genomic_100kbp_proxy.fna,2
GCA_053606925.1_ASM5360692v1_genomic_100kbp_proxy.fna,0
GCA_008014635.1_ASM801463v1_genomic_100kbp_proxy.fna,1
GCF_003665235.1_ASM366523v1_genomic_100kbp_proxy.fna,1
GCF_000772205.1_ASM77220v1_genomic_100kbp_proxy.fna,1
GCA_024800645.1_ASM2480064v1_genomic_100kbp_proxy.fna,1
GCF_018603805.1_ASM1860380v1_genomic_100kbp_proxy.fna,0
GCA_019037905.1_ASM1903790v1_genomic_100kbp_proxy.fna,0
GCF_051025355.1_ASM5102535v1_genomic_100kbp_proxy.fna,1
GCF_009662175.1_ASM966217v1_genomic_100kbp_proxy.fna,1
GCA_036221465.1_ASM3622146v1_genomic_100kbp_proxy.fna,1
GCF_054065575.1_ASM5406557v1_genomic_100kbp_proxy.fna,1
GCA_001560305.1_GG12_C01_22_genomic_100kbp_proxy.fna,1
GCA_019037525.1_ASM1903752v1_genomic_100kbp_proxy.fna,0
GCF_055454095.1_ASM5545409v1_genomic_100kbp_proxy.fna,1
GCA_059729445.1_ASM5972944v1_genomic_100kbp_proxy.fna,2
GCA_002272375.1_assembly-7706_v1_genomic_100kbp_proxy.fna,0
GCA_039903365.1_ASM3990336v1_genomic_100kbp_proxy.fna,1
GCA_036221845.1_ASM3622184v1_genomic_100kbp_proxy.fna,1
GCA_000815405.1_ASM81540v1_genomic_100kbp_proxy.fna,0
GCF_019037645.1_ASM1903764v1_genomic_100kbp_proxy.fna,0
GCA_986919055.1_YB2_genome_assembly_genomic_100kbp_proxy.fna,0
GCF_036221705.1_ASM3622170v1_genomic_100kbp_proxy.fna,1
GCF_035809035.1_ASM3580903v1_genomic_100kbp_proxy.fna,0
GCA_002153395.1_ASM215339v1_genomic_100kbp_proxy.fna,0
GCA_052043885.1_ASM5204388v1_genomic_100kbp_proxy.fna,1
GCA_905311015.1_NRS6094_genomic_100kbp_proxy.fna,1
GCA_007996945.1_ASM799694v1_genomic_100kbp_proxy.fna,1
GCA_037749985.1_ASM3774998v1_genomic_100kbp_proxy.fna,1
GCA_027689075.1_ASM2768907v1_genomic_100kbp_proxy.fna,1
GCA_047302565.1_ASM4730256v1_genomic_100kbp_proxy.fna,0
GCA_016065415.1_ASM1606541v1_genomic_100kbp_proxy.fna,0
GCA_031316435.1_ASM3131643v1_genomic_100kbp_proxy.fna,0
GCF_013867545.1_ASM1386754v1_genomic_100kbp_proxy.fna,0
GCF_035804515.1_ASM3580451v1_genomic_100kbp_proxy.fna,0
GCA_007165645.1_ASM716564v1_genomic_100kbp_proxy.fna,2
GCA_002173715.1_ASM217371v1_genomic_100kbp_proxy.fna,0
GCA_018141065.1_ASM1814106v1_genomic_100kbp_proxy.fna,1
GCA_983003735.1_NOWI19-1_SAMN10350894_MAG_00000125_genomic_100kbp_proxy.fna,2
GCF_900604845.1_TTHNAR1_genomic_100kbp_proxy.fna,2
GCA_001560205.1_GG12_C01_16_genomic_100kbp_proxy.fna,1
GCF_006364495.1_ASM636449v1_genomic_100kbp_proxy.fna,0
GCF_035804935.1_ASM3580493v1_genomic_100kbp_proxy.fna,0
GCA_025642835.1_ASM2564283v1_genomic_100kbp_proxy.fna,0
GCF_047528675.1_ASM4752867v1_genomic_100kbp_proxy.fna,1
GCF_000973605.1_ASM97360v1_genomic_100kbp_proxy.fna,1
GCF_030005595.1_ASM3000559v1_genomic_100kbp_proxy.fna,1
GCA_023614045.1_ASM2361404v1_genomic_100kbp_proxy.fna,1
GCA_977010355.1_NRS8001_genomic_100kbp_proxy.fna,0
GCF_036216785.1_ASM3621678v1_genomic_100kbp_proxy.fna,0
GCA_052119805.1_ASM5211980v1_genomic_100kbp_proxy.fna,0
GCA_040733615.1_ASM4073361v1_genomic_100kbp_proxy.fna,0
GCF_039769285.1_ASM3976928v1_genomic_100kbp_proxy.fna,1
GCA_046529435.1_ASM4652943v1_genomic_100kbp_proxy.fna,0
GCF_035813875.1_ASM3581387v1_genomic_100kbp_proxy.fna,0
GCF_035319605.1_ASM3531960v1_genomic_100kbp_proxy.fna,0
GCA_004101945.1_ASM410194v1_genomic_100kbp_proxy.fna,1
GCA_037169145.1_ASM3716914v1_genomic_100kbp_proxy.fna,0
GCF_022654795.1_ASM2265479v1_genomic_100kbp_proxy.fna,0
GCA_010094155.1_ASM1009415v1_genomic_100kbp_proxy.fna,1
GCA_000832195.1_ASM83219v1_genomic_100kbp_proxy.fna,0
GCA_004119775.1_ASM411977v1_genomic_100kbp_proxy.fna,0
GCA_050465765.1_ASM5046576v1_genomic_100kbp_proxy.fna,1
GCA_024507835.1_ASM2450783v1_genomic_100kbp_proxy.fna,1
GCF_001560605.1_NG05B_CO5_03_genomic_100kbp_proxy.fna,1
GCF_028462485.1_ASM2846248v1_genomic_100kbp_proxy.fna,0
GCF_009913595.1_ASM991359v1_genomic_100kbp_proxy.fna,0
GCF_035812615.1_ASM3581261v1_genomic_100kbp_proxy.fna,0
GCA_053607025.1_ASM5360702v1_genomic_100kbp_proxy.fna,0
GCF_039621415.1_ASM3962141v1_genomic_100kbp_proxy.fna,1
GCF_007678335.1_ASM767833v1_genomic_100kbp_proxy.fna,1
GCA_024262185.1_ASM2426218v1_genomic_100kbp_proxy.fna,1
GCA_047902445.1_ASM4790244v1_genomic_100kbp_proxy.fna,0
GCA_982518525.1_NRS2135_genomic_100kbp_proxy.fna,1
GCA_049059625.1_ASM4905962v1_genomic_100kbp_proxy.fna,1
GCF_051252615.1_ASM5125261v1_genomic_100kbp_proxy.fna,1
GCF_060334785.1_ASM6033478v1_genomic_100kbp_proxy.fna,0
GCA_036178865.1_ASM3617886v1_genomic_100kbp_proxy.fna,0
GCA_000245295.1_ASM24529v1_genomic_100kbp_proxy.fna,0
GCA_008180345.1_ASM818034v1_genomic_100kbp_proxy.fna,1
GCF_023521275.1_ASM2352127v1_genomic_100kbp_proxy.fna,1
GCA_035810155.1_ASM3581015v1_genomic_100kbp_proxy.fna,1
GCF_035810235.1_ASM3581023v1_genomic_100kbp_proxy.fna,1
GCF_024752515.1_ASM2475251v1_genomic_100kbp_proxy.fna,1
GCF_054353695.1_ASM5435369v1_genomic_100kbp_proxy.fna,1
GCA_013267115.1_ASM1326711v1_genomic_100kbp_proxy.fna,0
GCF_009913275.1_ASM991327v1_genomic_100kbp_proxy.fna,1
GCF_052038035.2_ASM5203803v2_genomic_100kbp_proxy.fna,1
GCF_014805495.1_ASM1480549v1_genomic_100kbp_proxy.fna,1
GCA_982518415.1_NRS2131_genomic_100kbp_proxy.fna,0
GCA_002378905.1_ASM237890v1_genomic_100kbp_proxy.fna,2
GCA_033392095.1_ASM3339209v1_genomic_100kbp_proxy.fna,0
GCF_026790755.1_ASM2679075v1_genomic_100kbp_proxy.fna,1
GCF_031298055.1_ASM3129805v1_genomic_100kbp_proxy.fna,2
GCA_057592975.1_ASM5759297v1_genomic_100kbp_proxy.fna,0
GCA_043197325.1_ASM4319732v1_genomic_100kbp_proxy.fna,1
GCA_028540725.1_ASM2854072v1_genomic_100kbp_proxy.fna,1
GCF_059130615.1_ASM5913061v1_genomic_100kbp_proxy.fna,1
GCA_054979555.1_ASM5497955v1_genomic_100kbp_proxy.fna,2
GCF_010578035.1_ASM1057803v1_genomic_100kbp_proxy.fna,0
GCA_044545595.1_ASM4454559v1_genomic_100kbp_proxy.fna,0
GCF_036213405.1_ASM3621340v1_genomic_100kbp_proxy.fna,1
GCA_964017255.1_ASM904v2_genomic_100kbp_proxy.fna,0
GCA_035822685.1_ASM3582268v1_genomic_100kbp_proxy.fna,0
GCA_047120645.1_ASM4712064v1_genomic_100kbp_proxy.fna,1
GCA_024706255.1_ASM2470625v1_genomic_100kbp_proxy.fna,1
GCA_017599395.1_ASM1759939v1_genomic_100kbp_proxy.fna,1
GCA_051487145.1_ASM5148714v1_genomic_100kbp_proxy.fna,1
GCA_001596535.1_ASM159653v1_genomic_100kbp_proxy.fna,0
GCF_030348645.1_ASM3034864v1_genomic_100kbp_proxy.fna,1
GCA_003665195.1_ASM366519v1_genomic_100kbp_proxy.fna,1
GCF_039880435.1_ASM3988043v1_genomic_100kbp_proxy.fna,1
GCA_028541565.1_ASM2854156v1_genomic_100kbp_proxy.fna,1
GCA_036966605.1_ASM3696660v1_genomic_100kbp_proxy.fna,1
GCA_011800745.1_ASM1180074v1_genomic_100kbp_proxy.fna,1
GCA_050478665.1_ASM5047866v1_genomic_100kbp_proxy.fna,0
GCA_905315385.1_NRS6137_genomic_100kbp_proxy.fna,0
GCF_977010965.1_NRS8005_genomic_100kbp_proxy.fna,1
GCA_048593395.1_Bacillus_subtilis_genome_from_Protein_Technologies_lab_of_SPC_Armbiotechnology_genomic_100kbp_proxy.fna,0
GCA_905315685.2_NRS6145B_genomic_100kbp_proxy.fna,1
GCA_000258245.1_ASM25824v1_genomic_100kbp_proxy.fna,2
GCF_036687325.1_TTHB27_delta_csm3_genomic_100kbp_proxy.fna,2
GCA_056098865.1_ASM5609886v1_genomic_100kbp_proxy.fna,1
GCF_036213425.1_ASM3621342v1_genomic_100kbp_proxy.fna,1
GCF_037145075.1_ASM3714507v1_genomic_100kbp_proxy.fna,0
GCF_015645615.1_ASM1564561v1_genomic_100kbp_proxy.fna,1
GCA_007666235.1_ASM766623v1_genomic_100kbp_proxy.fna,1
GCF_030028395.1_ASM3002839v1_genomic_100kbp_proxy.fna,0
GCA_006454465.1_ASM645446v1_genomic_100kbp_proxy.fna,0
GCA_028541545.1_ASM2854154v1_genomic_100kbp_proxy.fna,0
GCA_051858235.3_ASM5185823v3_genomic_100kbp_proxy.fna,1
GCF_046588145.1_ASM4658814v1_genomic_100kbp_proxy.fna,1
GCF_059821485.1_ASM5982148v1_genomic_100kbp_proxy.fna,0
GCA_050477585.1_ASM5047758v1_genomic_100kbp_proxy.fna,0
GCF_023650935.1_ASM2365093v1_genomic_100kbp_proxy.fna,1
GCA_035814275.1_ASM3581427v1_genomic_100kbp_proxy.fna,0
GCA_002378965.1_ASM237896v1_genomic_100kbp_proxy.fna,2
GCF_977551705.1_MarMAG_000342_genomic_100kbp_proxy.fna,2
GCF_051252635.1_ASM5125263v1_genomic_100kbp_proxy.fna,0
GCA_054962355.1_ASM5496235v1_genomic_100kbp_proxy.fna,0
GCF_003339745.1_ASM333974v1_genomic_100kbp_proxy.fna,0
GCF_030016535.1_ASM3001653v1_genomic_100kbp_proxy.fna,1
GCA_004101565.1_ASM410156v1_genomic_100kbp_proxy.fna,0
GCA_035810175.1_ASM3581017v1_genomic_100kbp_proxy.fna,0
GCA_050463065.1_ASM5046306v1_genomic_100kbp_proxy.fna,0
GCF_052043905.1_ASM5204390v1_genomic_100kbp_proxy.fna,0
GCA_040369885.1_ASM4036988v1_genomic_100kbp_proxy.fna,2
GCF_035810215.1_ASM3581021v1_genomic_100kbp_proxy.fna,1
GCA_000830645.1_ASM83064v1_genomic_100kbp_proxy.fna,0
GCA_977555915.1_MarMAG_000336_genomic_100kbp_proxy.fna,2
GCA_015845955.1_ASM1584595v1_genomic_100kbp_proxy.fna,0
GCF_052038015.2_ASM5203801v2_genomic_100kbp_proxy.fna,1
GCF_030121685.1_ASM3012168v1_genomic_100kbp_proxy.fna,0
GCA_029536855.2_ASM2953685v2_genomic_100kbp_proxy.fna,0
GCF_035808095.1_ASM3580809v1_genomic_100kbp_proxy.fna,1
GCF_905311005.1_NRS6092_genomic_100kbp_proxy.fna,0
GCF_051122525.1_ASM5112252v1_genomic_100kbp_proxy.fna,0
GCA_014498985.1_ASM1449898v1_genomic_100kbp_proxy.fna,1
GCA_035804495.1_ASM3580449v1_genomic_100kbp_proxy.fna,1
GCA_050482345.1_ASM5048234v1_genomic_100kbp_proxy.fna,1
GCF_011317145.1_ASM1131714v1_genomic_100kbp_proxy.fna,0
GCA_047823005.1_ASM4782300v1_genomic_100kbp_proxy.fna,0
GCA_035812975.1_ASM3581297v1_genomic_100kbp_proxy.fna,0
GCF_047758065.1_ASM4775806v1_genomic_100kbp_proxy.fna,1
GCA_057008475.1_ASM5700847v1_genomic_100kbp_proxy.fna,0
GCA_052119825.1_ASM5211982v1_genomic_100kbp_proxy.fna,1
GCA_982965945.1_NOWI19-1_SAMN09201534_MAG_00000105_genomic_100kbp_proxy.fna,2
GCA_023078435.1_ASM2307843v1_genomic_100kbp_proxy.fna,0
GCF_028806775.1_ASM2880677v1_genomic_100kbp_proxy.fna,1
GCA_036213585.1_ASM3621358v1_genomic_100kbp_proxy.fna,1
GCA_004119715.1_ASM411971v1_genomic_100kbp_proxy.fna,1
GCA_044901375.1_ASM4490137v1_genomic_100kbp_proxy.fna,1
GCA_042670465.1_ASM4267046v1_genomic_100kbp_proxy.fna,0
GCA_018986855.1_ASM1898685v1_genomic_100kbp_proxy.fna,0
GCF_049945035.1_ASM4994503v1_genomic_100kbp_proxy.fna,0
GCA_025449235.1_ASM2544923v1_genomic_100kbp_proxy.fna,0
GCF_050474085.1_ASM5047408v1_genomic_100kbp_proxy.fna,0
GCF_001560835.1_NG05B_CO5_15_genomic_100kbp_proxy.fna,1
GCA_047302535.1_SY83.1.0_genomic_100kbp_proxy.fna,1
GCF_047314905.1_ASM4731490v1_genomic_100kbp_proxy.fna,1
GCA_977543885.1_MarMAG_000339_genomic_100kbp_proxy.fna,2
GCA_013620675.1_ASM1362067v1_genomic_100kbp_proxy.fna,0
GCA_040549285.1_ASM4054928v1_genomic_100kbp_proxy.fna,1
GCF_982997465.1_NOWI19-1_SAMN09201603_MAG_00000067_genomic_100kbp_proxy.fna,2
GCA_024507815.1_ASM2450781v1_genomic_100kbp_proxy.fna,0
GCF_013186645.1_ASM1318664v1_genomic_100kbp_proxy.fna,1
GCF_057444255.1_ASM5744425v1_genomic_100kbp_proxy.fna,1
GCA_001465815.1_ASM146581v1_genomic_100kbp_proxy.fna,1
GCF_052693295.1_ASM5269329v1_genomic_100kbp_proxy.fna,1
GCA_042266485.1_ASM4226648v1_genomic_100kbp_proxy.fna,1
GCA_042793295.1_ASM4279329v1_genomic_100kbp_proxy.fna,0
GCA_009676665.1_ASM967666v1_genomic_100kbp_proxy.fna,0
GCA_050468265.1_ASM5046826v1_genomic_100kbp_proxy.fna,0
GCA_983004475.1_NOWI19-1_SAMN09201440_MAG_00000038_genomic_100kbp_proxy.fna,2
GCF_013393725.1_ASM1339372v1_genomic_100kbp_proxy.fna,0
GCA_982813115.1_FORT15-1_SAMEA3355528_MAG_00000097_genomic_100kbp_proxy.fna,2
GCA_002201955.1_ASM220195v1_genomic_100kbp_proxy.fna,0
GCF_001560675.1_NG05B_CO5_06_genomic_100kbp_proxy.fna,1
GCA_050461865.1_ASM5046186v1_genomic_100kbp_proxy.fna,0
GCA_053786015.1_ASM5378601v1_genomic_100kbp_proxy.fna,0
GCA_042803035.1_ASM4280303v1_genomic_100kbp_proxy.fna,1
GCA_050476505.1_ASM5047650v1_genomic_100kbp_proxy.fna,0
GCA_037414465.1_ASM3741446v1_genomic_100kbp_proxy.fna,1
GCA_035804655.1_ASM3580465v1_genomic_100kbp_proxy.fna,0
GCA_003184225.1_ASM318422v1_genomic_100kbp_proxy.fna,0
GCA_057544205.1_ASM5754420v1_genomic_100kbp_proxy.fna,1
GCF_016865275.1_ASM1686527v1_genomic_100kbp_proxy.fna,2
GCF_010912695.1_ASM1091269v1_genomic_100kbp_proxy.fna,1
GCA_021172185.1_ASM2117218v1_genomic_100kbp_proxy.fna,1
GCF_001560065.1_GG12_C01_08_genomic_100kbp_proxy.fna,1
GCA_036221445.1_ASM3622144v1_genomic_100kbp_proxy.fna,1
GCF_019748555.1_ASM1974855v1_genomic_100kbp_proxy.fna,0
GCF_046599185.1_De_novo_genomic_100kbp_proxy.fna,0
GCF_022832445.1_ASM2283244v1_genomic_100kbp_proxy.fna,0
GCA_059729465.1_ASM5972946v1_genomic_100kbp_proxy.fna,2
GCA_019037315.1_ASM1903731v1_genomic_100kbp_proxy.fna,0
GCF_905315395.2_NRS6134B_genomic_100kbp_proxy.fna,0
GCF_000523045.1_ASM52304v1_genomic_100kbp_proxy.fna,0
GCF_035809015.1_ASM3580901v1_genomic_100kbp_proxy.fna,0
GCF_059819925.1_ASM5981992v1_genomic_100kbp_proxy.fna,1
GCF_003426125.1_ASM342612v1_genomic_100kbp_proxy.fna,1
GCF_042269425.1_ASM4226942v1_genomic_100kbp_proxy.fna,0
GCF_000012285.1_ASM1228v1_genomic_100kbp_proxy.fna,1
GCF_045780055.1_ASM4578005v1_genomic_100kbp_proxy.fna,0
GCF_009982935.1_ASM998293v1_genomic_100kbp_proxy.fna,0
GCF_003665255.1_ASM366525v1_genomic_100kbp_proxy.fna,1
GCF_035804915.1_ASM3580491v1_genomic_100kbp_proxy.fna,0
GCA_036218965.1_ASM3621896v1_genomic_100kbp_proxy.fna,0
GCF_028541385.1_ASM2854138v1_genomic_100kbp_proxy.fna,0
GCA_002142515.1_ASM214251v1_genomic_100kbp_proxy.fna,0
GCA_002982175.1_ASM298217v1_genomic_100kbp_proxy.fna,0
GCA_007050195.1_ASM705019v1_genomic_100kbp_proxy.fna,1
GCF_982518365.1_NRS6133_genomic_100kbp_proxy.fna,1
GCF_041053155.1_ASM4105315v1_genomic_100kbp_proxy.fna,0
GCA_042718875.1_ASM4271887v1_genomic_100kbp_proxy.fna,0
GCF_001704095.1_ASM170409v1_genomic_100kbp_proxy.fna,1
GCF_021728925.1_ASM2172892v1_genomic_100kbp_proxy.fna,0
GCA_052078215.1_ASM5207821v1_genomic_100kbp_proxy.fna,1
GCA_017352355.1_ASM1735235v1_genomic_100kbp_proxy.fna,1
GCA_052120855.1_ASM5212085v1_genomic_100kbp_proxy.fna,0
GCF_002865705.1_ASM286570v1_genomic_100kbp_proxy.fna,1
GCF_007666735.1_ASM766673v1_genomic_100kbp_proxy.fna,1
GCA_044130245.1_ASM4413024v1_genomic_100kbp_proxy.fna,0
GCA_043558625.1_ASM4355862v1_genomic_100kbp_proxy.fna,1
GCA_052037935.2_ASM5203793v2_genomic_100kbp_proxy.fna,0
GCA_053606525.1_ASM5360652v1_genomic_100kbp_proxy.fna,0
GCA_039770075.1_ASM3977007v1_genomic_100kbp_proxy.fna,0
GCA_035812235.1_ASM3581223v1_genomic_100kbp_proxy.fna,1
GCF_982518335.1_NRS6136_genomic_100kbp_proxy.fna,0
GCA_053606905.1_ASM5360690v1_genomic_100kbp_proxy.fna,1
GCA_004101425.1_ASM410142v1_genomic_100kbp_proxy.fna,0
GCF_041925255.1_ASM4192525v1_genomic_100kbp_proxy.fna,0
GCA_047607985.1_ASM4760798v1_genomic_100kbp_proxy.fna,0
GCF_015880865.1_ASM1588086v1_genomic_100kbp_proxy.fna,1
GCF_039762315.1_ASM3976231v1_genomic_100kbp_proxy.fna,0
GCF_008180625.1_ASM818062v1_genomic_100kbp_proxy.fna,0
GCF_000696615.1_ASM69661v1_genomic_100kbp_proxy.fna,1
GCF_002277775.1_ASM227777v1_genomic_100kbp_proxy.fna,0
GCA_004923335.1_ASM492333v1_genomic_100kbp_proxy.fna,1
GCA_007673065.1_ASM767306v1_genomic_100kbp_proxy.fna,1
GCA_982525005.1_NRS2108_genomic_100kbp_proxy.fna,0
GCF_000209795.2_ASM20979v2_genomic_100kbp_proxy.fna,1
GCA_024508095.1_ASM2450809v1_genomic_100kbp_proxy.fna,0
GCA_001641145.1_ASM164114v1_genomic_100kbp_proxy.fna,0
GCA_039728905.1_ASM3972890v1_genomic_100kbp_proxy.fna,1
GCA_055586725.1_ASM5558672v1_genomic_100kbp_proxy.fna,0
GCF_053891075.1_ASM5389107v1_genomic_100kbp_proxy.fna,0
GCA_905311435.2_NRS6118B_genomic_100kbp_proxy.fna,0
GCA_001560315.1_NG05A_C04_genomic_100kbp_proxy.fna,1
GCA_001663575.1_ASM166357v1_genomic_100kbp_proxy.fna,1
GCF_009996815.1_ASM999681v1_genomic_100kbp_proxy.fna,0
GCF_017753785.1_ASM1775378v1_genomic_100kbp_proxy.fna,0
GCF_035805015.1_ASM3580501v1_genomic_100kbp_proxy.fna,1
GCA_000183765.2_ASM18376v2_genomic_100kbp_proxy.fna,0
GCA_001808235.1_ASM180823v1_genomic_100kbp_proxy.fna,1
GCA_900215365.1_IMG-taxon_2545824506_annotated_assembly_genomic_100kbp_proxy.fna,1
GCA_052806295.1_ASM5280629v1_genomic_100kbp_proxy.fna,1
GCF_042266245.1_ASM4226624v1_genomic_100kbp_proxy.fna,0
GCA_000497345.1_MP9_genomic_100kbp_proxy.fna,1
GCA_004119655.1_ASM411965v1_genomic_100kbp_proxy.fna,0
GCA_050106695.1_ASM5010669v1_genomic_100kbp_proxy.fna,1
GCA_028541225.1_ASM2854122v1_genomic_100kbp_proxy.fna,0
GCA_036222545.1_ASM3622254v1_genomic_100kbp_proxy.fna,1
GCF_054481175.1_ASM5448117v1_genomic_100kbp_proxy.fna,1
GCA_035807755.1_ASM3580775v1_genomic_100kbp_proxy.fna,0
GCF_046592455.1_ASM4659245v1_genomic_100kbp_proxy.fna,1
GCF_000828495.1_ASM82849v1_genomic_100kbp_proxy.fna,1
GCA_033436855.1_ASM3343685v1_genomic_100kbp_proxy.fna,1
GCF_044841745.1_ASM4484174v1_genomic_100kbp_proxy.fna,0
GCF_036213345.1_ASM3621334v1_genomic_100kbp_proxy.fna,0
GCA_030846335.1_ASM3084633v1_genomic_100kbp_proxy.fna,0
GCF_010578165.1_ASM1057816v1_genomic_100kbp_proxy.fna,1
GCA_003086555.1_ASM308655v1_genomic_100kbp_proxy.fna,1
GCF_023702085.1_ASM2370208v1_genomic_100kbp_proxy.fna,1
GCF_036222625.1_ASM3622262v1_genomic_100kbp_proxy.fna,0
GCA_054481215.1_ASM5448121v1_genomic_100kbp_proxy.fna,0
GCA_056339815.1_ASM5633981v1_genomic_100kbp_proxy.fna,1
GCA_047041075.1_ASM4704107v1_genomic_100kbp_proxy.fna,0
GCA_052591155.1_ASM5259115v1_genomic_100kbp_proxy.fna,0
GCF_058105245.1_ASM5810524v1_genomic_100kbp_proxy.fna,0
GCA_983005325.1_NOWI19-1_SAMN09202469_MAG_00000049_genomic_100kbp_proxy.fna,2
GCF_038397795.1_ASM3839779v1_genomic_100kbp_proxy.fna,1
GCA_905315715.2_NRS6160B_genomic_100kbp_proxy.fna,1
GCF_000293765.1_ASM29376v1_genomic_100kbp_proxy.fna,0
GCA_049860545.1_ASM4986054v1_genomic_100kbp_proxy.fna,0
GCF_036665995.1_ASM3666599v1_genomic_100kbp_proxy.fna,0
GCA_001697265.1_ASM169726v1_genomic_100kbp_proxy.fna,0
GCA_054408555.1_ASM5440855v1_genomic_100kbp_proxy.fna,0
GCF_018122435.1_ASM1812243v1_genomic_100kbp_proxy.fna,1
GCA_009662415.1_ASM966241v1_genomic_100kbp_proxy.fna,1
GCF_060855445.1_ASM6085544v1_genomic_100kbp_proxy.fna,1
GCA_052077925.1_ASM5207792v1_genomic_100kbp_proxy.fna,0
GCF_003665315.1_ASM366531v1_genomic_100kbp_proxy.fna,1
GCF_030016255.1_ASM3001625v1_genomic_100kbp_proxy.fna,1
GCA_977566135.1_MarMAG_000337_genomic_100kbp_proxy.fna,2
GCA_023518255.2_ASM2351825v2_genomic_100kbp_proxy.fna,0
GCA_042799995.1_ASM4279999v1_genomic_100kbp_proxy.fna,0
GCF_019973715.1_ASM1997371v1_genomic_100kbp_proxy.fna,2
GCA_029537155.2_ASM2953715v2_genomic_100kbp_proxy.fna,1
GCA_058091695.1_ASM5809169v1_genomic_100kbp_proxy.fna,0
GCA_054962435.1_ASM5496243v1_genomic_100kbp_proxy.fna,0
GCA_056715765.1_ASM5671576v1_genomic_100kbp_proxy.fna,1
GCF_983020325.1_NOWI19-1_SAMN09202468_MAG_00000037_genomic_100kbp_proxy.fna,2
GCF_015845175.1_ASM1584517v1_genomic_100kbp_proxy.fna,1
GCA_050462545.1_ASM5046254v1_genomic_100kbp_proxy.fna,0
GCA_983172155.1_NCTC10400_genomic_100kbp_proxy.fna,0
GCA_029761975.2_ASM2976197v2_genomic_100kbp_proxy.fna,0
GCA_056490885.1_ASM5649088v1_genomic_100kbp_proxy.fna,1
GCA_030643845.1_ASM3064384v1_genomic_100kbp_proxy.fna,0
GCA_042755845.1_ASM4275584v1_genomic_100kbp_proxy.fna,1
GCF_048537405.1_ASM4853740v1_genomic_100kbp_proxy.fna,0
GCA_056156505.1_ASM5615650v1_genomic_100kbp_proxy.fna,0
GCA_052142275.1_ASM5214227v1_genomic_100kbp_proxy.fna,1
GCA_039770095.1_ASM3977009v1_genomic_100kbp_proxy.fna,0
GCF_033238785.1_ASM3323878v1_genomic_100kbp_proxy.fna,1
GCF_054979545.1_ASM5497954v1_genomic_100kbp_proxy.fna,2
GCA_022846355.1_ASM2284635v1_genomic_100kbp_proxy.fna,2
GCA_028541005.1_ASM2854100v1_genomic_100kbp_proxy.fna,1
GCA_004365735.1_ASM436573v1_genomic_100kbp_proxy.fna,1
GCF_001560435.1_NG05B_C06_04_genomic_100kbp_proxy.fna,1
GCF_040822545.1_ASM4082254v1_genomic_100kbp_proxy.fna,2
GCA_010578025.1_ASM1057802v1_genomic_100kbp_proxy.fna,0
GCA_060989105.1_ASM6098910v1_genomic_100kbp_proxy.fna,0
GCA_038747945.1_ASM3874794v1_genomic_100kbp_proxy.fna,1
GCA_033403035.1_ASM3340303v1_genomic_100kbp_proxy.fna,1
GCF_019704475.1_ASM1970447v1_genomic_100kbp_proxy.fna,0
GCA_050188875.1_ASM5018887v1_genomic_100kbp_proxy.fna,1
GCF_982525035.1_NRS2113_genomic_100kbp_proxy.fna,0
GCF_046543845.1_ASM4654384v1_genomic_100kbp_proxy.fna,1
GCA_982998325.1_NOWI19-1_SAMN09201540_MAG_00000104_genomic_100kbp_proxy.fna,2
GCF_002215405.1_ASM221540v1_genomic_100kbp_proxy.fna,1
GCA_035813095.1_ASM3581309v1_genomic_100kbp_proxy.fna,1
GCF_024653105.1_ASM2465310v1_genomic_100kbp_proxy.fna,1
GCA_042793935.1_ASM4279393v1_genomic_100kbp_proxy.fna,0
GCF_015535655.1_ASM1553565v1_genomic_100kbp_proxy.fna,0
GCF_028541365.1_ASM2854136v1_genomic_100kbp_proxy.fna,0
GCF_036222825.1_ASM3622282v1_genomic_100kbp_proxy.fna,0
GCA_905311425.2_NRS6105B_genomic_100kbp_proxy.fna,1
GCA_040151275.1_ASM4015127v1_genomic_100kbp_proxy.fna,0
GCF_000186745.1_ASM18674v1_genomic_100kbp_proxy.fna,1
GCA_011765645.1_ASM1176564v1_genomic_100kbp_proxy.fna,1
GCA_982518375.1_NRS2130_genomic_100kbp_proxy.fna,1
GCA_050476285.1_ASM5047628v1_genomic_100kbp_proxy.fna,1
GCF_016629545.1_ASM1662954v1_genomic_100kbp_proxy.fna,2
GCF_007786555.1_ASM778655v1_genomic_100kbp_proxy.fna,1
GCA_056433285.1_ASM5643328v1_genomic_100kbp_proxy.fna,0
GCA_001895065.1_ASM189506v1_genomic_100kbp_proxy.fna,1
GCA_030016315.1_ASM3001631v1_genomic_100kbp_proxy.fna,1
GCF_005153965.1_ASM515396v1_genomic_100kbp_proxy.fna,1
GCA_023521475.1_ASM2352147v1_genomic_100kbp_proxy.fna,0
GCA_050457105.1_ASM5045710v1_genomic_100kbp_proxy.fna,0
GCF_057334335.1_ASM5733433v1_genomic_100kbp_proxy.fna,0
GCF_055801795.1_ASM5580179v1_genomic_100kbp_proxy.fna,0
GCF_000830605.1_ASM83060v1_genomic_100kbp_proxy.fna,0
GCA_044546245.1_ASM4454624v1_genomic_100kbp_proxy.fna,1
GCF_013332455.1_ASM1333245v1_genomic_100kbp_proxy.fna,1
GCF_037094835.1_ASM3709483v1_genomic_100kbp_proxy.fna,1
GCA_983006435.1_NOWI19-1_SAMN09202069_MAG_00000056_genomic_100kbp_proxy.fna,2
GCA_905315705.2_NRS6153B_genomic_100kbp_proxy.fna,0
GCA_004119695.1_ASM411969v1_genomic_100kbp_proxy.fna,1
GCA_054552535.1_ASM5455253v1_genomic_100kbp_proxy.fna,1
GCA_050479385.1_ASM5047938v1_genomic_100kbp_proxy.fna,1
GCF_037164265.1_ASM3716426v1_genomic_100kbp_proxy.fna,1
GCF_983004775.1_NOWI19-1_SAMN09201847_MAG_00000120_genomic_100kbp_proxy.fna,2
GCF_004119535.1_ASM411953v1_genomic_100kbp_proxy.fna,0
GCF_035812375.1_ASM3581237v1_genomic_100kbp_proxy.fna,1
GCA_982984775.1_NOWI19-1_SAMN09201302_MAG_00000036_genomic_100kbp_proxy.fna,2
GCA_014298115.1_ASM1429811v1_genomic_100kbp_proxy.fna,1
GCA_035822735.1_ASM3582273v1_genomic_100kbp_proxy.fna,1
GCA_029762115.2_ASM2976211v2_genomic_100kbp_proxy.fna,1
GCF_052037875.2_ASM5203787v2_genomic_100kbp_proxy.fna,1
GCA_001660525.1_ASM166052v1_genomic_100kbp_proxy.fna,0
GCF_982982225.1_NOWI19-1_SAMN10350897_MAG_00000123_genomic_100kbp_proxy.fna,2
GCA_057654875.1_ASM5765487v1_genomic_100kbp_proxy.fna,1
GCF_030863625.1_ASM3086362v1_genomic_100kbp_proxy.fna,0
GCA_020176885.1_ASM2017688v1_genomic_100kbp_proxy.fna,0
GCA_052037735.2_ASM5203773v2_genomic_100kbp_proxy.fna,0
GCA_023702515.1_ASM2370251v1_genomic_100kbp_proxy.fna,0
GCF_982989655.1_NOWI19-1_SAMN09201451_MAG_00000131_genomic_100kbp_proxy.fna,2
GCA_004119175.1_ASM411917v1_genomic_100kbp_proxy.fna,0
GCF_041949715.1_ASM4194971v1_genomic_100kbp_proxy.fna,1
GCF_000230755.1_ASM23075v2_genomic_100kbp_proxy.fna,1
GCF_000740475.1_ASM74047v1_genomic_100kbp_proxy.fna,0
GCA_053606705.1_ASM5360670v1_genomic_100kbp_proxy.fna,0
GCF_009913395.1_ASM991339v1_genomic_100kbp_proxy.fna,0
GCF_054481195.1_ASM5448119v1_genomic_100kbp_proxy.fna,1
GCA_012030395.1_ASM1203039v1_genomic_100kbp_proxy.fna,1
GCA_050455905.1_ASM5045590v1_genomic_100kbp_proxy.fna,1
GCA_053645475.1_ASM5364547v1_genomic_100kbp_proxy.fna,0
GCA_029857255.2_ASM2985725v2_genomic_100kbp_proxy.fna,1
GCA_044546085.1_ASM4454608v1_genomic_100kbp_proxy.fna,1
GCA_035805155.1_ASM3580515v1_genomic_100kbp_proxy.fna,1
GCF_036219125.1_ASM3621912v1_genomic_100kbp_proxy.fna,0
GCF_007667365.1_ASM766736v1_genomic_100kbp_proxy.fna,0
GCA_055701505.1_ASM5570150v1_genomic_100kbp_proxy.fna,1
GCA_040008285.1_ASM4000828v1_genomic_100kbp_proxy.fna,1
GCA_025502545.1_ASM2550254v1_genomic_100kbp_proxy.fna,1
GCF_034054115.1_ASM3405411v1_genomic_100kbp_proxy.fna,1
GCF_035804665.1_ASM3580466v1_genomic_100kbp_proxy.fna,1
GCF_055690685.1_ASM5569068v1_genomic_100kbp_proxy.fna,0
GCA_037755145.1_ASM3775514v1_genomic_100kbp_proxy.fna,1
GCA_900445475.1_27294_A01_genomic_100kbp_proxy.fna,0
GCF_007165405.1_ASM716540v1_genomic_100kbp_proxy.fna,2
GCA_003612735.1_ASM361273v1_genomic_100kbp_proxy.fna,0
GCA_001726025.1_ASM172602v1_genomic_100kbp_proxy.fna,1
GCA_007666815.1_ASM766681v1_genomic_100kbp_proxy.fna,0
GCF_002290305.1_ASM229030v1_genomic_100kbp_proxy.fna,0
GCF_983016015.1_NOWI19-1_SAMN09201851_MAG_00000005_genomic_100kbp_proxy.fna,2
GCF_052783415.1_ASM5278341v1_genomic_100kbp_proxy.fna,1
GCA_982994745.1_NOWI19-1_SAMN09201453_MAG_00000061_genomic_100kbp_proxy.fna,2
GCA_001750745.1_ASM175074v1_genomic_100kbp_proxy.fna,1
GCA_046635905.1_ASM4663590v1_genomic_100kbp_proxy.fna,0
GCA_036225205.1_ASM3622520v1_genomic_100kbp_proxy.fna,0
GCF_983020905.1_NOWI19-1_SAMN09202071_MAG_00000096_genomic_100kbp_proxy.fna,2
GCF_001890405.1_ASM189040v1_genomic_100kbp_proxy.fna,1
GCA_025452155.1_ASM2545215v1_genomic_100kbp_proxy.fna,1
GCA_009662335.1_ASM966233v1_genomic_100kbp_proxy.fna,0
GCA_042673585.1_ASM4267358v1_genomic_100kbp_proxy.fna,1
GCA_004328925.1_ASM432892v1_genomic_100kbp_proxy.fna,1
GCA_028477245.1_ASM2847724v1_genomic_100kbp_proxy.fna,1
GCA_001560135.1_GG12_C01_13_genomic_100kbp_proxy.fna,1
GCA_042725505.1_ASM4272550v1_genomic_100kbp_proxy.fna,0
GCF_003665295.1_ASM366529v1_genomic_100kbp_proxy.fna,1
GCA_035812775.1_ASM3581277v1_genomic_100kbp_proxy.fna,0
GCA_000827065.1_ASM82706v1_genomic_100kbp_proxy.fna,0
GCF_051192595.1_ASM5119259v1_genomic_100kbp_proxy.fna,0
GCA_042674545.1_ASM4267454v1_genomic_100kbp_proxy.fna,1
GCF_035822335.1_ASM3582233v1_genomic_100kbp_proxy.fna,1
GCF_051966435.1_ASM5196643v1_genomic_100kbp_proxy.fna,0
GCF_964020995.1_Assembly_Bacillus_subtilis_genomic_100kbp_proxy.fna,0
GCF_036212685.1_ASM3621268v1_genomic_100kbp_proxy.fna,1
GCA_051859695.1_ASM5185969v1_genomic_100kbp_proxy.fna,1
GCA_023712285.1_ASM2371228v1_genomic_100kbp_proxy.fna,0
GCF_003594755.2_ASM359475v2_genomic_100kbp_proxy.fna,0
GCF_013285325.1_ASM1328532v1_genomic_100kbp_proxy.fna,0
GCF_020166055.1_ASM2016605v1_genomic_100kbp_proxy.fna,0
GCA_010614715.1_ASM1061471v1_genomic_100kbp_proxy.fna,1
GCA_042752255.1_ASM4275225v1_genomic_100kbp_proxy.fna,0
GCA_042887665.1_ASM4288766v1_genomic_100kbp_proxy.fna,0
GCF_045371245.1_ASM4537124v1_genomic_100kbp_proxy.fna,0
GCA_033949325.1_ASM3394932v1_genomic_100kbp_proxy.fna,1
GCF_030123085.1_ASM3012308v1_genomic_100kbp_proxy.fna,0
GCF_025161015.1_ASM2516101v1_genomic_100kbp_proxy.fna,1
GCF_001888825.1_ASM188882v1_genomic_100kbp_proxy.fna,0
GCF_024972835.1_ASM2497283v1_genomic_100kbp_proxy.fna,1
GCF_035812835.1_ASM3581283v1_genomic_100kbp_proxy.fna,1
GCA_000953615.1_BS49Ch_genomic_100kbp_proxy.fna,1
GCF_001698525.1_ASM169852v1_genomic_100kbp_proxy.fna,1
GCA_905319145.1_NRS6185_genomic_100kbp_proxy.fna,1
GCA_030223505.2_ASM3022350v2_genomic_100kbp_proxy.fna,0
GCA_002201995.1_ASM220199v1_genomic_100kbp_proxy.fna,0
GCF_059705385.1_ASM5970538v1_genomic_100kbp_proxy.fna,2
GCA_035809155.1_ASM3580915v1_genomic_100kbp_proxy.fna,1
GCA_041153445.1_ASM4115344v1_genomic_100kbp_proxy.fna,1
GCF_037026705.1_ASM3702670v1_genomic_100kbp_proxy.fna,1
GCF_042265165.1_ASM4226516v1_genomic_100kbp_proxy.fna,0
GCA_030285965.1_ASM3028596v1_genomic_100kbp_proxy.fna,0
GCF_036221925.1_ASM3622192v1_genomic_100kbp_proxy.fna,0
GCA_019748415.1_ASM1974841v1_genomic_100kbp_proxy.fna,1
GCF_023714405.1_ASM2371440v1_genomic_100kbp_proxy.fna,1
GCF_060334745.1_ASM6033474v1_genomic_100kbp_proxy.fna,1
GCA_042667705.1_ASM4266770v1_genomic_100kbp_proxy.fna,0
GCF_905319155.2_NRS6183B_genomic_100kbp_proxy.fna,1
GCA_035810195.1_ASM3581019v1_genomic_100kbp_proxy.fna,1
GCF_004119835.1_ASM411983v1_genomic_100kbp_proxy.fna,0
GCF_036221505.1_ASM3622150v1_genomic_100kbp_proxy.fna,1
GCF_034259385.1_ASM3425938v1_genomic_100kbp_proxy.fna,0
GCA_021497545.1_ASM2149754v1_genomic_100kbp_proxy.fna,0
GCA_050477565.1_ASM5047756v1_genomic_100kbp_proxy.fna,0
GCF_035804715.1_ASM3580471v1_genomic_100kbp_proxy.fna,0
GCF_037754115.1_ASM3775411v1_genomic_100kbp_proxy.fna,0
GCF_009913535.1_ASM991353v1_genomic_100kbp_proxy.fna,0
GCA_021555035.1_ASM2155503v1_genomic_100kbp_proxy.fna,0
GCA_045291565.1_ASM4529156v1_genomic_100kbp_proxy.fna,0
GCF_015070995.1_ASM1507099v1_genomic_100kbp_proxy.fna,0
GCA_060304305.1_ASM6030430v1_genomic_100kbp_proxy.fna,0
GCF_001746575.1_ASM174657v1_genomic_100kbp_proxy.fna,1
GCA_046529535.1_Bacillus_subtilis_KK001_genomic_100kbp_proxy.fna,1
GCA_028540525.1_ASM2854052v1_genomic_100kbp_proxy.fna,1
GCA_050468285.1_ASM5046828v1_genomic_100kbp_proxy.fna,1
GCA_001560635.1_NG05B_CO5_04_genomic_100kbp_proxy.fna,1
GCF_047275895.1_ASM4727589v1_genomic_100kbp_proxy.fna,1
GCA_040362055.1_ASM4036205v1_genomic_100kbp_proxy.fna,2
GCF_028541405.1_ASM2854140v1_genomic_100kbp_proxy.fna,1
GCF_036966765.1_ASM3696676v1_genomic_100kbp_proxy.fna,1
GCF_051904015.1_ASM5190401v1_genomic_100kbp_proxy.fna,1
GCF_012926045.1_ASM1292604v1_genomic_100kbp_proxy.fna,0
GCF_000737405.1_ASM73740v1_genomic_100kbp_proxy.fna,0
GCA_028540905.1_ASM2854090v1_genomic_100kbp_proxy.fna,1
GCF_010578235.1_ASM1057823v1_genomic_100kbp_proxy.fna,0
GCA_051647905.1_ASM5164790v1_genomic_100kbp_proxy.fna,0
GCA_054974465.1_ASM5497446v1_genomic_100kbp_proxy.fna,0
GCF_036213605.1_ASM3621360v1_genomic_100kbp_proxy.fna,1
GCA_977010345.1_NRS7980_genomic_100kbp_proxy.fna,1
GCA_046766035.1_ASM4676603v1_genomic_100kbp_proxy.fna,1
GCF_059601175.1_ASM5960117v1_genomic_100kbp_proxy.fna,0
GCF_050847335.1_ASM5084733v1_genomic_100kbp_proxy.fna,1
GCA_057786855.1_ASM5778685v1_genomic_100kbp_proxy.fna,0
GCF_030348865.1_ASM3034886v1_genomic_100kbp_proxy.fna,1
GCA_036213565.1_ASM3621356v1_genomic_100kbp_proxy.fna,1
GCA_006165085.1_ASM616508v1_genomic_100kbp_proxy.fna,0
GCF_030053795.1_ASM3005379v1_genomic_100kbp_proxy.fna,1
GCA_000878265.1_ASM87826v1_genomic_100kbp_proxy.fna,1
GCF_905319565.2_NRS6190B_genomic_100kbp_proxy.fna,1
GCA_044758945.1_CEL_genomic_100kbp_proxy.fna,0
GCA_035814055.1_ASM3581405v1_genomic_100kbp_proxy.fna,1
GCA_965276355.1_STDRZ1_genomic_100kbp_proxy.fna,1
GCF_051912505.1_ASM5191250v1_genomic_100kbp_proxy.fna,0
GCA_022570515.1_ASM2257051v1_genomic_100kbp_proxy.fna,0
GCA_042788875.1_ASM4278887v1_genomic_100kbp_proxy.fna,1
GCA_001619535.1_ASM161953v1_genomic_100kbp_proxy.fna,0
GCA_029537415.2_ASM2953741v2_genomic_100kbp_proxy.fna,1
GCF_057443935.1_ASM5744393v1_genomic_100kbp_proxy.fna,1
GCF_052077915.1_ASM5207791v1_genomic_100kbp_proxy.fna,0
GCA_059705435.1_ASM5970543v1_genomic_100kbp_proxy.fna,2
GCA_026794535.1_ASM2679453v1_genomic_100kbp_proxy.fna,1
GCA_050463245.1_ASM5046324v1_genomic_100kbp_proxy.fna,1
GCA_035809395.1_ASM3580939v1_genomic_100kbp_proxy.fna,0
GCA_036221885.1_ASM3622188v1_genomic_100kbp_proxy.fna,0
GCA_059729485.1_ASM5972948v1_genomic_100kbp_proxy.fna,2
GCA_009662275.1_ASM966227v1_genomic_100kbp_proxy.fna,0
GCA_002293225.1_ASM229322v1_genomic_100kbp_proxy.fna,1
GCF_042270825.1_ASM4227082v1_genomic_100kbp_proxy.fna,0
GCF_024623085.1_ASM2462308v1_genomic_100kbp_proxy.fna,1
GCF_026153475.1_ASM2615347v1_genomic_100kbp_proxy.fna,0
GCF_035814335.1_ASM3581433v1_genomic_100kbp_proxy.fna,1
GCA_053049395.1_ASM5304939v1_genomic_100kbp_proxy.fna,1
GCA_050467145.1_ASM5046714v1_genomic_100kbp_proxy.fna,0
GCF_016865295.1_ASM1686529v1_genomic_100kbp_proxy.fna,2
GCA_020552025.1_ASM2055202v1_genomic_100kbp_proxy.fna,1
GCA_036218585.1_ASM3621858v1_genomic_100kbp_proxy.fna,1
GCF_025914075.1_ASM2591407v1_genomic_100kbp_proxy.fna,0
GCA_982986055.1_NOWI19-1_SAMN10351356_MAG_00000047_genomic_100kbp_proxy.fna,2
GCA_057621675.1_ASM5762167v1_genomic_100kbp_proxy.fna,1
GCA_040370075.1_ASM4037007v1_genomic_100kbp_proxy.fna,2
GCF_018224865.2_ASM1822486v2_genomic_100kbp_proxy.fna,0
GCF_036214185.1_ASM3621418v1_genomic_100kbp_proxy.fna,1
GCF_029536935.2_ASM2953693v2_genomic_100kbp_proxy.fna,0
GCA_009662215.1_ASM966221v1_genomic_100kbp_proxy.fna,0
GCF_025837035.1_ASM2583703v1_genomic_100kbp_proxy.fna,1
GCF_036763605.1_ASM3676360v1_genomic_100kbp_proxy.fna,0
GCF_055485855.1_ASM5548585v1_genomic_100kbp_proxy.fna,0
GCF_057334475.1_ASM5733447v1_genomic_100kbp_proxy.fna,0
GCA_982963565.1_NOWI19-1_SAMN10351174_MAG_00000104_genomic_100kbp_proxy.fna,2
GCF_016894165.1_ASM1689416v1_genomic_100kbp_proxy.fna,0
GCA_058182495.1_ASM5818249v1_genomic_100kbp_proxy.fna,1
GCA_053570475.1_ASM5357047v1_genomic_100kbp_proxy.fna,0
GCF_056632435.1_ASM5663243v1_genomic_100kbp_proxy.fna,0
GCF_015844655.1_ASM1584465v1_genomic_100kbp_proxy.fna,1
GCA_050456825.1_ASM5045682v1_genomic_100kbp_proxy.fna,1
GCA_001037985.1_ASM103798v1_genomic_100kbp_proxy.fna,1
GCA_007666295.1_ASM766629v1_genomic_100kbp_proxy.fna,1
GCA_001619555.1_ASM161955v1_genomic_100kbp_proxy.fna,1
GCF_003694695.1_ASM369469v1_genomic_100kbp_proxy.fna,0
GCF_982524975.1_NRS2104_genomic_100kbp_proxy.fna,1
GCF_020773035.1_ASM2077303v1_genomic_100kbp_proxy.fna,1
GCA_042717035.1_ASM4271703v1_genomic_100kbp_proxy.fna,1
GCA_027257895.1_ASM2725789v1_genomic_100kbp_proxy.fna,1
GCF_009866865.1_ASM986686v1_genomic_100kbp_proxy.fna,1
GCF_051965845.1_ASM5196584v1_genomic_100kbp_proxy.fna,1
GCF_035814315.1_ASM3581431v1_genomic_100kbp_proxy.fna,0
GCF_017592405.1_ASM1759240v1_genomic_100kbp_proxy.fna,1
GCF_982525025.1_NRS2106_genomic_100kbp_proxy.fna,1
GCF_029027845.1_ASM2902784v1_genomic_100kbp_proxy.fna,1
GCA_000982455.1_ASM98245v1_genomic_100kbp_proxy.fna,1
GCF_054489665.1_ASM5448966v1_genomic_100kbp_proxy.fna,0
GCA_028540505.1_ASM2854050v1_genomic_100kbp_proxy.fna,1
GCF_002271425.1_assembly-7772_v1_genomic_100kbp_proxy.fna,1
GCA_036216825.1_ASM3621682v1_genomic_100kbp_proxy.fna,0
GCF_028541425.1_ASM2854142v1_genomic_100kbp_proxy.fna,1
GCA_977010955.1_NRS7976_genomic_100kbp_proxy.fna,0
GCA_028540925.1_ASM2854092v1_genomic_100kbp_proxy.fna,1
GCF_042267375.1_ASM4226737v1_genomic_100kbp_proxy.fna,0
GCA_018884165.1_ASM1888416v1_genomic_100kbp_proxy.fna,1
GCA_054504465.1_ASM5450446v1_genomic_100kbp_proxy.fna,1
GCA_054057735.1_ASM5405773v1_genomic_100kbp_proxy.fna,1
GCF_023713145.1_ASM2371314v1_genomic_100kbp_proxy.fna,0
GCA_037145115.1_ASM3714511v1_genomic_100kbp_proxy.fna,1
GCA_050465785.1_ASM5046578v1_genomic_100kbp_proxy.fna,1
GCF_024733955.1_ASM2473395v1_genomic_100kbp_proxy.fna,1
GCF_019704335.1_ASM1970433v1_genomic_100kbp_proxy.fna,1
GCA_023713435.1_ASM2371343v1_genomic_100kbp_proxy.fna,1
GCA_052037885.2_ASM5203788v2_genomic_100kbp_proxy.fna,1
GCA_050436825.1_ASM5043682v1_genomic_100kbp_proxy.fna,0
GCA_051487365.1_ASM5148736v1_genomic_100kbp_proxy.fna,0
GCA_982992165.1_NOWI19-1_SAMN09201274_MAG_00000099_genomic_100kbp_proxy.fna,2
GCF_002612765.1_ASM261276v1_genomic_100kbp_proxy.fna,0
GCA_029857115.2_PRO57_genomic_100kbp_proxy.fna,1
GCA_055585425.1_ASM5558542v1_genomic_100kbp_proxy.fna,0
GCA_039621185.1_ASM3962118v1_genomic_100kbp_proxy.fna,1
GCA_006088795.1_ASM608879v1_genomic_100kbp_proxy.fna,0
GCA_001560045.1_GG12_C01_07_genomic_100kbp_proxy.fna,1
GCA_022700935.1_ASM2270093v1_genomic_100kbp_proxy.fna,1
GCA_026410045.1_ASM2641004v1_genomic_100kbp_proxy.fna,1
GCA_035804875.1_ASM3580487v1_genomic_100kbp_proxy.fna,0
GCF_009913555.1_ASM991355v1_genomic_100kbp_proxy.fna,1
GCF_007829515.1_ASM782951v1_genomic_100kbp_proxy.fna,1
GCF_027912355.1_ASM2791235v1_genomic_100kbp_proxy.fna,1
GCF_018603605.1_ASM1860360v1_genomic_100kbp_proxy.fna,1
GCF_014219005.1_ASM1421900v1_genomic_100kbp_proxy.fna,0
GCA_035804455.1_ASM3580445v1_genomic_100kbp_proxy.fna,0
GCA_041261645.1_ASM4126164v1_genomic_100kbp_proxy.fna,0
GCF_001559965.1_GG12_C01_03_genomic_100kbp_proxy.fna,1
GCA_983023285.1_NOWI19-1_SAMN10351091_MAG_00000005_genomic_100kbp_proxy.fna,2
GCA_001720505.1_ASM172050v1_genomic_100kbp_proxy.fna,1
GCA_007672955.1_ASM767295v1_genomic_100kbp_proxy.fna,0
GCA_035809175.1_ASM3580917v1_genomic_100kbp_proxy.fna,0
GCA_047782775.1_K3C_contigs_genomic_100kbp_proxy.fna,1
GCA_029536895.2_ASM2953689v2_genomic_100kbp_proxy.fna,1
GCA_054300695.1_ASM5430069v1_genomic_100kbp_proxy.fna,0
GCF_055229245.1_ASM5522924v1_genomic_100kbp_proxy.fna,0
GCA_051252595.1_ASM5125259v1_genomic_100kbp_proxy.fna,0
GCF_000769515.1_ASM76951v1_genomic_100kbp_proxy.fna,1
GCA_052441595.1_ASM5244159v1_genomic_100kbp_proxy.fna,0
GCA_054822165.1_ASM5482216v1_genomic_100kbp_proxy.fna,1
GCF_060334765.1_ASM6033476v1_genomic_100kbp_proxy.fna,0
GCA_054962395.1_ASM5496239v1_genomic_100kbp_proxy.fna,1
GCF_035809215.1_ASM3580921v1_genomic_100kbp_proxy.fna,1
GCF_054111185.1_ASM5411118v1_genomic_100kbp_proxy.fna,1
GCA_008764245.1_FS357_genomic_100kbp_proxy.fna,1
GCA_050477545.1_ASM5047754v1_genomic_100kbp_proxy.fna,0
GCA_028541585.1_ASM2854158v1_genomic_100kbp_proxy.fna,1
GCA_050469225.1_ASM5046922v1_genomic_100kbp_proxy.fna,1
GCF_900156365.1_IMG-taxon_2708742540_annotated_assembly_genomic_100kbp_proxy.fna,1
GCF_050818325.1_ASM5081832v1_genomic_100kbp_proxy.fna,1
GCF_001286865.1_Bacillus_JRS6_genomic_100kbp_proxy.fna,0
GCF_002215525.1_ASM221552v1_genomic_100kbp_proxy.fna,1
GCA_030169085.1_ASM3016908v1_genomic_100kbp_proxy.fna,1
GCF_051966415.1_ASM5196641v1_genomic_100kbp_proxy.fna,1
GCA_001560485.1_NG05B_C06_07_genomic_100kbp_proxy.fna,1
GCA_041014725.1_ASM4101472v1_genomic_100kbp_proxy.fna,0
GCA_050480945.1_ASM5048094v1_genomic_100kbp_proxy.fna,1
GCF_001560355.1_NG05A_C05_01_genomic_100kbp_proxy.fna,1
GCA_047314865.1_ASM4731486v1_genomic_100kbp_proxy.fna,0
GCA_982518465.1_NRS2125_genomic_100kbp_proxy.fna,0
GCA_038762065.1_ASM3876206v1_genomic_100kbp_proxy.fna,0
GCF_905319825.1_NRS6205_genomic_100kbp_proxy.fna,0
GCA_013342875.1_ASM1334287v1_genomic_100kbp_proxy.fna,1
GCA_035813935.1_ASM3581393v1_genomic_100kbp_proxy.fna,1
GCF_022700895.1_ASM2270089v1_genomic_100kbp_proxy.fna,0
GCA_050461645.1_ASM5046164v1_genomic_100kbp_proxy.fna,0
GCA_002009095.1_ASM200909v1_genomic_100kbp_proxy.fna,1
GCA_010580645.1_ASM1058064v1_genomic_100kbp_proxy.fna,0
GCF_035812815.1_ASM3581281v1_genomic_100kbp_proxy.fna,1
GCA_024241215.1_ASM2424121v1_genomic_100kbp_proxy.fna,0
GCF_001560195.1_GG12_C01_15_genomic_100kbp_proxy.fna,1
GCA_035805175.1_ASM3580517v1_genomic_100kbp_proxy.fna,1
GCA_042755885.1_ASM4275588v1_genomic_100kbp_proxy.fna,0
GCA_040365275.1_ASM4036527v1_genomic_100kbp_proxy.fna,2
GCF_045275325.1_ASM4527532v1_genomic_100kbp_proxy.fna,1
GCA_009662355.1_ASM966235v1_genomic_100kbp_proxy.fna,1
GCA_023148545.1_ASM2314854v1_genomic_100kbp_proxy.fna,1
GCF_042264465.1_ASM4226446v1_genomic_100kbp_proxy.fna,1
GCF_007666795.1_ASM766679v1_genomic_100kbp_proxy.fna,0
GCF_042264275.1_ASM4226427v1_genomic_100kbp_proxy.fna,1
GCF_050908195.1_ASM5090819v1_genomic_100kbp_proxy.fna,1
GCA_050462585.1_ASM5046258v1_genomic_100kbp_proxy.fna,0
GCF_019037305.1_ASM1903730v1_genomic_100kbp_proxy.fna,0
GCA_003174785.1_ASM317478v1_genomic_100kbp_proxy.fna,1
GCF_025061465.1_ASM2506146v1_genomic_100kbp_proxy.fna,1
GCA_024917175.1_ASM2491717v1_genomic_100kbp_proxy.fna,0
GCA_036215925.1_ASM3621592v1_genomic_100kbp_proxy.fna,0
GCF_001187765.1_BSMS1577_genomic_100kbp_proxy.fna,1
GCA_003600785.1_ASM360078v1_genomic_100kbp_proxy.fna,0
GCA_031326045.1_ASM3132604v1_genomic_100kbp_proxy.fna,0
GCA_007677395.1_ASM767739v1_genomic_100kbp_proxy.fna,0
GCA_040371185.1_ASM4037118v1_genomic_100kbp_proxy.fna,1
GCA_035804335.1_ASM3580433v1_genomic_100kbp_proxy.fna,1
GCF_035805215.1_ASM3580521v1_genomic_100kbp_proxy.fna,1
GCF_003600775.1_ASM360077v1_genomic_100kbp_proxy.fna,1
GCF_060304725.1_ASM6030472v1_genomic_100kbp_proxy.fna,1
GCA_054552515.1_ASM5455251v1_genomic_100kbp_proxy.fna,0
GCA_035813275.1_ASM3581327v1_genomic_100kbp_proxy.fna,1
GCA_000155325.1_ASM15532v1_genomic_100kbp_proxy.fna,0
GCF_050563185.1_ASM5056318v1_genomic_100kbp_proxy.fna,0
GCA_055754975.1_ASM5575497v1_genomic_100kbp_proxy.fna,1
GCA_004101485.1_ASM410148v1_genomic_100kbp_proxy.fna,1
GCF_035812355.1_ASM3581235v1_genomic_100kbp_proxy.fna,1
GCF_905319795.1_NRS6204_genomic_100kbp_proxy.fna,0
GCF_035812545.1_ASM3581254v1_genomic_100kbp_proxy.fna,1
GCA_012648205.1_ASM1264820v1_genomic_100kbp_proxy.fna,1
GCA_036212895.1_ASM3621289v1_genomic_100kbp_proxy.fna,0
GCA_009363835.1_ASM936383v1_genomic_100kbp_proxy.fna,0
GCF_050113295.1_ASM5011329v1_genomic_100kbp_proxy.fna,0
GCA_029762135.2_ASM2976213v2_genomic_100kbp_proxy.fna,1
GCF_052037855.2_ASM5203785v2_genomic_100kbp_proxy.fna,1
GCA_042756615.1_ASM4275661v1_genomic_100kbp_proxy.fna,1
GCA_029637165.1_ASM2963716v1_genomic_100kbp_proxy.fna,1
GCF_017817855.1_ASM1781785v1_genomic_100kbp_proxy.fna,1
GCA_000830595.1_ASM83059v1_genomic_100kbp_proxy.fna,1
GCA_029762235.3_ASM2976223v3_genomic_100kbp_proxy.fna,1
GCF_059740445.1_ASM5974044v1_genomic_100kbp_proxy.fna,0
GCF_001278955.1_ASM127895v1_genomic_100kbp_proxy.fna,0
GCF_020251265.1_ASM2025126v1_genomic_100kbp_proxy.fna,0
GCA_019974315.1_ASM1997431v1_genomic_100kbp_proxy.fna,2
GCA_001560645.1_NG05B_CO5_05_genomic_100kbp_proxy.fna,1
GCF_052439315.1_ASM5243931v1_genomic_100kbp_proxy.fna,0
GCF_004119555.1_ASM411955v1_genomic_100kbp_proxy.fna,1
GCA_002893805.1_ASM289380v1_genomic_100kbp_proxy.fna,0
GCF_041199455.1_ASM4119945v1_genomic_100kbp_proxy.fna,0
GCA_050460365.1_ASM5046036v1_genomic_100kbp_proxy.fna,1
GCA_003990435.1_ASM399043v1_genomic_100kbp_proxy.fna,0
GCF_040008305.1_ASM4000830v1_genomic_100kbp_proxy.fna,1
GCA_050482625.1_ASM5048262v1_genomic_100kbp_proxy.fna,1
GCA_015070965.1_ASM1507096v1_genomic_100kbp_proxy.fna,1
GCA_014489275.1_ASM1448927v1_genomic_100kbp_proxy.fna,1
GCA_004101365.1_ASM410136v1_genomic_100kbp_proxy.fna,1
GCF_037740765.1_ASM3774076v1_genomic_100kbp_proxy.fna,0
GCA_000008125.1_ASM812v1_genomic_100kbp_proxy.fna,2
GCA_030016335.1_ASM3001633v1_genomic_100kbp_proxy.fna,0
GCA_000952895.1_BS34ACh_genomic_100kbp_proxy.fna,1
GCA_030295035.1_ASM3029503v1_genomic_100kbp_proxy.fna,2
GCA_050457125.1_ASM5045712v1_genomic_100kbp_proxy.fna,1
GCF_053570075.1_ASM5357007v1_genomic_100kbp_proxy.fna,0
GCA_042788925.1_ASM4278892v1_genomic_100kbp_proxy.fna,0
GCF_030909955.1_ASM3090995v1_genomic_100kbp_proxy.fna,0
GCA_042611185.1_ASM4261118v1_genomic_100kbp_proxy.fna,1
GCA_977579125.1_MarMAG_099747_genomic_100kbp_proxy.fna,2
GCF_014498995.1_ASM1449899v1_genomic_100kbp_proxy.fna,0
GCA_044546265.1_ASM4454626v1_genomic_100kbp_proxy.fna,1
GCA_016629605.1_ASM1662960v1_genomic_100kbp_proxy.fna,0
GCF_042271105.1_ASM4227110v1_genomic_100kbp_proxy.fna,0
GCF_905310995.2_NRS6103B_genomic_100kbp_proxy.fna,1
GCA_059510825.1_ASM5951082v1_genomic_100kbp_proxy.fna,1
GCA_042672525.1_ASM4267252v1_genomic_100kbp_proxy.fna,1
GCF_905315025.2_NRS6131B_genomic_100kbp_proxy.fna,1
GCA_001559985.1_GG12_C01_04_genomic_100kbp_proxy.fna,1
GCF_056629365.1_ASM5662936v1_genomic_100kbp_proxy.fna,0
GCF_000696635.1_ASM69663v1_genomic_100kbp_proxy.fna,1
GCA_040673955.1_ASM4067395v1_genomic_100kbp_proxy.fna,0
GCA_050113335.1_ASM5011333v1_genomic_100kbp_proxy.fna,0
GCA_033113625.1_ASM3311362v1_genomic_100kbp_proxy.fna,1
GCA_002173695.1_ASM217369v1_genomic_100kbp_proxy.fna,1
GCF_019704455.1_ASM1970445v1_genomic_100kbp_proxy.fna,0
GCF_002998755.1_ASM299875v1_genomic_100kbp_proxy.fna,0
GCF_036213145.1_ASM3621314v1_genomic_100kbp_proxy.fna,1
GCA_052120895.1_ASM5212089v1_genomic_100kbp_proxy.fna,0
GCF_036512515.1_ASM3651251v1_genomic_100kbp_proxy.fna,1
GCA_015645605.1_ASM1564560v1_genomic_100kbp_proxy.fna,1
GCA_001560275.1_GG12_C01_20_genomic_100kbp_proxy.fna,1
GCA_042793915.1_ASM4279391v1_genomic_100kbp_proxy.fna,0
GCA_004323065.1_ASM432306v1_genomic_100kbp_proxy.fna,1
GCA_982968125.1_NOWI19-1_SAMN09201443_MAG_00000012_genomic_100kbp_proxy.fna,2
GCF_028541345.1_ASM2854134v1_genomic_100kbp_proxy.fna,0
GCF_900454375.1_59024_G01_genomic_100kbp_proxy.fna,0
GCF_025460705.1_ASM2546070v1_genomic_100kbp_proxy.fna,1
GCA_035805215.1_ASM3580521v1_genomic_100kbp_proxy.fna,1
GCA_060304725.1_ASM6030472v1_genomic_100kbp_proxy.fna,0
GCA_977010335.1_NRS7978_genomic_100kbp_proxy.fna,0
GCF_035804335.1_ASM3580433v1_genomic_100kbp_proxy.fna,0
GCA_050457085.1_ASM5045708v1_genomic_100kbp_proxy.fna,0
GCF_031326045.1_ASM3132604v1_genomic_100kbp_proxy.fna,1
GCF_000735115.1_ASM73511v1_genomic_100kbp_proxy.fna,0
GCF_040371185.1_ASM4037118v1_genomic_100kbp_proxy.fna,0
GCA_019037305.1_ASM1903730v1_genomic_100kbp_proxy.fna,1
GCA_980648645.1_FF8-BHI-01_genomic_100kbp_proxy.fna,0
GCF_036215925.1_ASM3621592v1_genomic_100kbp_proxy.fna,0
GCF_024917175.1_ASM2491717v1_genomic_100kbp_proxy.fna,1
GCA_025061465.1_ASM2506146v1_genomic_100kbp_proxy.fna,0
GCA_042264465.1_ASM4226446v1_genomic_100kbp_proxy.fna,1
GCF_009913575.1_ASM991357v1_genomic_100kbp_proxy.fna,1
GCA_050908195.1_ASM5090819v1_genomic_100kbp_proxy.fna,0
GCA_042264275.1_ASM4226427v1_genomic_100kbp_proxy.fna,1
GCF_040365275.1_ASM4036527v1_genomic_100kbp_proxy.fna,2
GCF_983009985.1_NOWI19-1_SAMN10351047_MAG_00000013_genomic_100kbp_proxy.fna,2
GCF_023148545.1_ASM2314854v1_genomic_100kbp_proxy.fna,1
GCA_045275325.1_ASM4527532v1_genomic_100kbp_proxy.fna,1
GCF_004119875.1_ASM411987v1_genomic_100kbp_proxy.fna,1
GCF_035805175.1_ASM3580517v1_genomic_100kbp_proxy.fna,0
GCA_053607605.1_ASM5360760v1_genomic_100kbp_proxy.fna,0
GCA_041199455.1_ASM4119945v1_genomic_100kbp_proxy.fna,0
GCF_009662195.1_ASM966219v1_genomic_100kbp_proxy.fna,0
GCA_001187765.1_BSMS1577_genomic_100kbp_proxy.fna,0
GCF_001560645.1_NG05B_CO5_05_genomic_100kbp_proxy.fna,1
GCA_044545765.1_ASM4454576v1_genomic_100kbp_proxy.fna,1
GCA_029762255.2_ASM2976225v2_genomic_100kbp_proxy.fna,0
GCF_019974315.1_ASM1997431v1_genomic_100kbp_proxy.fna,2
GCA_012534935.1_ASM1253493v1_genomic_100kbp_proxy.fna,0
GCA_052439315.1_ASM5243931v1_genomic_100kbp_proxy.fna,1
GCA_020251265.1_ASM2025126v1_genomic_100kbp_proxy.fna,0
GCF_029637165.1_ASM2963716v1_genomic_100kbp_proxy.fna,0
GCA_017817855.1_ASM1781785v1_genomic_100kbp_proxy.fna,0
GCA_059740445.1_ASM5974044v1_genomic_100kbp_proxy.fna,0
GCA_050113295.1_ASM5011329v1_genomic_100kbp_proxy.fna,0
GCA_044544905.1_ASM4454490v1_genomic_100kbp_proxy.fna,1
GCA_060989085.1_ASM6098908v1_genomic_100kbp_proxy.fna,1
GCF_012648205.1_ASM1264820v1_genomic_100kbp_proxy.fna,1
GCF_036212895.1_ASM3621289v1_genomic_100kbp_proxy.fna,1
GCA_052037855.2_ASM5203785v2_genomic_100kbp_proxy.fna,0
GCF_055754975.1_ASM5575497v1_genomic_100kbp_proxy.fna,0
GCA_035812355.1_ASM3581235v1_genomic_100kbp_proxy.fna,1
GCA_050563185.1_ASM5056318v1_genomic_100kbp_proxy.fna,0
GCA_035812545.1_ASM3581254v1_genomic_100kbp_proxy.fna,1
GCF_054552515.1_ASM5455251v1_genomic_100kbp_proxy.fna,1
GCA_028541185.1_ASM2854118v1_genomic_100kbp_proxy.fna,1
GCF_035813275.1_ASM3581327v1_genomic_100kbp_proxy.fna,1
GCA_036225385.1_ASM3622538v1_genomic_100kbp_proxy.fna,0
GCF_059510825.1_ASM5951082v1_genomic_100kbp_proxy.fna,1
GCA_014498995.1_ASM1449899v1_genomic_100kbp_proxy.fna,1
GCA_042271105.1_ASM4227110v1_genomic_100kbp_proxy.fna,1
GCA_900095345.1_ASM90009534v1_genomic_100kbp_proxy.fna,1
GCF_042611185.1_ASM4261118v1_genomic_100kbp_proxy.fna,0
GCA_030909955.1_ASM3090995v1_genomic_100kbp_proxy.fna,1
GCA_053570075.1_ASM5357007v1_genomic_100kbp_proxy.fna,0
GCA_050463665.1_ASM5046366v1_genomic_100kbp_proxy.fna,1
GCF_030295035.1_ASM3029503v1_genomic_100kbp_proxy.fna,2
GCF_009914155.1_ASM991415v1_genomic_100kbp_proxy.fna,1
GCF_030016335.1_ASM3001633v1_genomic_100kbp_proxy.fna,0
GCA_007665695.1_ASM766569v1_genomic_100kbp_proxy.fna,1
GCA_050457245.1_ASM5045724v1_genomic_100kbp_proxy.fna,1
GCA_905315025.2_NRS6131B_genomic_100kbp_proxy.fna,0
GCF_965139425.1_CIP52.65T_genomic_100kbp_proxy.fna,1
GCA_037740765.1_ASM3774076v1_genomic_100kbp_proxy.fna,1
GCF_015070965.1_ASM1507096v1_genomic_100kbp_proxy.fna,1
GCA_007050055.1_ASM705005v1_genomic_100kbp_proxy.fna,1
GCF_014489275.1_ASM1448927v1_genomic_100kbp_proxy.fna,1
GCA_000155355.1_ASM15535v1_genomic_100kbp_proxy.fna,1
GCA_040008305.1_ASM4000830v1_genomic_100kbp_proxy.fna,1
GCA_009662235.1_ASM966223v1_genomic_100kbp_proxy.fna,0
GCA_002906075.1_ASM290607v1_genomic_100kbp_proxy.fna,0
GCA_025460705.1_ASM2546070v1_genomic_100kbp_proxy.fna,0
GCA_003086375.1_ASM308637v1_genomic_100kbp_proxy.fna,1
GCA_028541345.1_ASM2854134v1_genomic_100kbp_proxy.fna,0
GCF_052120895.1_ASM5212089v1_genomic_100kbp_proxy.fna,0
GCA_042668435.1_ASM4266843v1_genomic_100kbp_proxy.fna,1
GCF_015645605.1_ASM1564560v1_genomic_100kbp_proxy.fna,1
GCA_036512515.1_ASM3651251v1_genomic_100kbp_proxy.fna,0
GCA_000691185.1_ASM69118v1_genomic_100kbp_proxy.fna,0
GCA_019704455.1_ASM1970445v1_genomic_100kbp_proxy.fna,1
GCA_905310995.2_NRS6103B_genomic_100kbp_proxy.fna,0
GCA_036213145.1_ASM3621314v1_genomic_100kbp_proxy.fna,1
GCF_033113625.1_ASM3311362v1_genomic_100kbp_proxy.fna,0
GCF_050113335.1_ASM5011333v1_genomic_100kbp_proxy.fna,1
GCA_029762095.2_ASM2976209v2_genomic_100kbp_proxy.fna,1
GCA_042797555.1_ASM4279755v1_genomic_100kbp_proxy.fna,0
GCF_003011815.1_ASM301181v1_genomic_100kbp_proxy.fna,1
GCA_003148355.2_ASM314835v2_genomic_100kbp_proxy.fna,1
GCA_004103555.1_ASM410355v1_genomic_100kbp_proxy.fna,1
GCF_040673955.1_ASM4067395v1_genomic_100kbp_proxy.fna,0
GCA_056629365.1_ASM5662936v1_genomic_100kbp_proxy.fna,1
GCF_000008125.1_ASM812v1_genomic_100kbp_proxy.fna,2
GCA_017592405.1_ASM1759240v1_genomic_100kbp_proxy.fna,0
GCA_035814315.1_ASM3581431v1_genomic_100kbp_proxy.fna,1
GCA_029027845.1_ASM2902784v1_genomic_100kbp_proxy.fna,1
GCF_027257895.1_ASM2725789v1_genomic_100kbp_proxy.fna,0
GCA_051965845.1_ASM5196584v1_genomic_100kbp_proxy.fna,1
GCA_050466045.1_ASM5046604v1_genomic_100kbp_proxy.fna,1
GCA_020773035.1_ASM2077303v1_genomic_100kbp_proxy.fna,1
GCF_977010945.1_NRS7986_genomic_100kbp_proxy.fna,1
GCF_053570475.1_ASM5357047v1_genomic_100kbp_proxy.fna,1
GCA_015844655.1_ASM1584465v1_genomic_100kbp_proxy.fna,1
GCA_056632435.1_ASM5663243v1_genomic_100kbp_proxy.fna,0
GCF_058182495.1_ASM5818249v1_genomic_100kbp_proxy.fna,0
GCF_003833205.1_ASM383320v1_genomic_100kbp_proxy.fna,1
GCA_000508305.1_ASM50830v1_genomic_100kbp_proxy.fna,1
GCA_036763605.1_ASM3676360v1_genomic_100kbp_proxy.fna,1
GCA_016894165.1_ASM1689416v1_genomic_100kbp_proxy.fna,1
GCA_057334475.1_ASM5733447v1_genomic_100kbp_proxy.fna,1
GCA_055485855.1_ASM5548585v1_genomic_100kbp_proxy.fna,0
GCA_050463105.1_ASM5046310v1_genomic_100kbp_proxy.fna,0
GCA_029536935.2_ASM2953693v2_genomic_100kbp_proxy.fna,1
GCA_018224865.2_ASM1822486v2_genomic_100kbp_proxy.fna,0
GCA_036214185.1_ASM3621418v1_genomic_100kbp_proxy.fna,1
GCF_040370075.1_ASM4037007v1_genomic_100kbp_proxy.fna,2
GCA_025837035.1_ASM2583703v1_genomic_100kbp_proxy.fna,1
GCF_057621675.1_ASM5762167v1_genomic_100kbp_proxy.fna,0
GCA_001560115.1_GG12_C01_11_genomic_100kbp_proxy.fna,1
GCA_046536295.1_ASM4653629v1_genomic_100kbp_proxy.fna,1
GCF_036218585.1_ASM3621858v1_genomic_100kbp_proxy.fna,0
GCF_001560215.1_GG12_C01_17_genomic_100kbp_proxy.fna,1
GCA_004101345.1_ASM410134v1_genomic_100kbp_proxy.fna,1
GCA_025914075.1_ASM2591407v1_genomic_100kbp_proxy.fna,1
GCF_003665395.1_ASM366539v1_genomic_100kbp_proxy.fna,0
GCF_022700935.1_ASM2270093v1_genomic_100kbp_proxy.fna,0
GCF_039621185.1_ASM3962118v1_genomic_100kbp_proxy.fna,0
GCA_009914705.1_ASM991470v1_genomic_100kbp_proxy.fna,1
GCF_051487365.1_ASM5148736v1_genomic_100kbp_proxy.fna,1
GCA_003399995.1_ASM339999v1_genomic_100kbp_proxy.fna,0
GCA_000782835.1_ASM78283v1_genomic_100kbp_proxy.fna,0
GCA_000385985.1_Bacillus_subtilis_PS216_genomic_100kbp_proxy.fna,1
GCA_042669705.1_ASM4266970v1_genomic_100kbp_proxy.fna,0
GCF_023713435.1_ASM2371343v1_genomic_100kbp_proxy.fna,0
GCF_052037885.2_ASM5203788v2_genomic_100kbp_proxy.fna,1
GCF_050436825.1_ASM5043682v1_genomic_100kbp_proxy.fna,1
GCF_037145115.1_ASM3714511v1_genomic_100kbp_proxy.fna,1
GCA_023713145.1_ASM2371314v1_genomic_100kbp_proxy.fna,0
GCF_000497485.1_ASM49748v1_genomic_100kbp_proxy.fna,1
GCF_054057735.1_ASM5405773v1_genomic_100kbp_proxy.fna,1
GCA_019704335.1_ASM1970433v1_genomic_100kbp_proxy.fna,1
GCA_024733955.1_ASM2473395v1_genomic_100kbp_proxy.fna,0
GCF_054504465.1_ASM5450446v1_genomic_100kbp_proxy.fna,1
GCA_000214845.1_ASM21484v1_genomic_100kbp_proxy.fna,2
GCF_018884165.1_ASM1888416v1_genomic_100kbp_proxy.fna,1
GCF_905311375.1_NRS6111_genomic_100kbp_proxy.fna,0
GCA_028541425.1_ASM2854142v1_genomic_100kbp_proxy.fna,0
GCA_042267375.1_ASM4226737v1_genomic_100kbp_proxy.fna,0
GCA_054489665.1_ASM5448966v1_genomic_100kbp_proxy.fna,0
GCF_036216825.1_ASM3621682v1_genomic_100kbp_proxy.fna,0
GCF_001559955.1_GG12_C01_01_genomic_100kbp_proxy.fna,1
GCA_001015095.1_ASM101509v1_genomic_100kbp_proxy.fna,0
GCF_002215445.1_ASM221544v1_genomic_100kbp_proxy.fna,1
GCA_021733645.1_ASM2173364v1_genomic_100kbp_proxy.fna,0
GCA_042803155.1_ASM4280315v1_genomic_100kbp_proxy.fna,1
GCA_002269175.1_ASM226917v1_genomic_100kbp_proxy.fna,1
GCF_040571395.1_TIED-AE6A_genomic_100kbp_proxy.fna,1
GCA_035809215.1_ASM3580921v1_genomic_100kbp_proxy.fna,0
GCA_054111185.1_ASM5411118v1_genomic_100kbp_proxy.fna,0
GCF_054822165.1_ASM5482216v1_genomic_100kbp_proxy.fna,1
GCF_052441595.1_ASM5244159v1_genomic_100kbp_proxy.fna,0
GCA_001742365.1_ASM174236v1_genomic_100kbp_proxy.fna,0
GCA_060334765.1_ASM6033476v1_genomic_100kbp_proxy.fna,0
GCF_054962395.1_ASM5496239v1_genomic_100kbp_proxy.fna,0
GCA_055229245.1_ASM5522924v1_genomic_100kbp_proxy.fna,1
GCA_007677815.1_ASM767781v1_genomic_100kbp_proxy.fna,1
GCF_051252595.1_ASM5125259v1_genomic_100kbp_proxy.fna,1
GCA_977547715.1_MarMAG_100127_genomic_100kbp_proxy.fna,2
GCF_029536895.2_ASM2953689v2_genomic_100kbp_proxy.fna,1
GCA_055587365.1_ASM5558736v1_genomic_100kbp_proxy.fna,1
GCA_002142595.1_ASM214259v1_genomic_100kbp_proxy.fna,1
GCA_009662375.1_ASM966237v1_genomic_100kbp_proxy.fna,1
GCA_982969175.1_NOWI19-1_SAMN09201533_MAG_00000057_genomic_100kbp_proxy.fna,2
GCF_035809175.1_ASM3580917v1_genomic_100kbp_proxy.fna,0
GCF_035804455.1_ASM3580445v1_genomic_100kbp_proxy.fna,0
GCF_041261645.1_ASM4126164v1_genomic_100kbp_proxy.fna,1
GCA_014219005.1_ASM1421900v1_genomic_100kbp_proxy.fna,0
GCA_000772165.1_ASM77216v1_genomic_100kbp_proxy.fna,0
GCA_982518475.1_NRS2128_genomic_100kbp_proxy.fna,1
GCA_042802315.1_ASM4280231v1_genomic_100kbp_proxy.fna,0
GCF_026410045.1_ASM2641004v1_genomic_100kbp_proxy.fna,0
GCF_035804875.1_ASM3580487v1_genomic_100kbp_proxy.fna,1
GCA_018603605.1_ASM1860360v1_genomic_100kbp_proxy.fna,1
GCF_982518505.1_NRS2114_genomic_100kbp_proxy.fna,1
GCA_027912355.1_ASM2791235v1_genomic_100kbp_proxy.fna,0
GCA_035812815.1_ASM3581281v1_genomic_100kbp_proxy.fna,0
GCF_024241215.1_ASM2424121v1_genomic_100kbp_proxy.fna,0
GCF_010580645.1_ASM1058064v1_genomic_100kbp_proxy.fna,0
GCA_002379325.1_ASM237932v1_genomic_100kbp_proxy.fna,2
GCF_035813935.1_ASM3581393v1_genomic_100kbp_proxy.fna,1
GCF_013342875.1_ASM1334287v1_genomic_100kbp_proxy.fna,0
GCA_053606325.1_ASM5360632v1_genomic_100kbp_proxy.fna,0
GCA_022700895.1_ASM2270089v1_genomic_100kbp_proxy.fna,1
GCF_038762065.1_ASM3876206v1_genomic_100kbp_proxy.fna,1
GCA_965140155.1_CIP61.7_genomic_100kbp_proxy.fna,0
GCF_047314865.1_ASM4731486v1_genomic_100kbp_proxy.fna,0
GCA_001560355.1_NG05A_C05_01_genomic_100kbp_proxy.fna,1
GCA_050481445.1_ASM5048144v1_genomic_100kbp_proxy.fna,0
GCA_051966415.1_ASM5196641v1_genomic_100kbp_proxy.fna,0
GCF_004294565.1_ASM429456v1_genomic_100kbp_proxy.fna,0
GCF_041014725.1_ASM4101472v1_genomic_100kbp_proxy.fna,1
GCF_001560485.1_NG05B_C06_07_genomic_100kbp_proxy.fna,1
GCA_050818325.1_ASM5081832v1_genomic_100kbp_proxy.fna,0
GCF_030169085.1_ASM3016908v1_genomic_100kbp_proxy.fna,1
GCF_028541585.1_ASM2854158v1_genomic_100kbp_proxy.fna,0
GCA_002220075.1_ASM222007v1_genomic_100kbp_proxy.fna,0
GCA_053607165.1_ASM5360716v1_genomic_100kbp_proxy.fna,1
GCA_028540885.1_ASM2854088v1_genomic_100kbp_proxy.fna,1
GCA_052037635.1_ASM5203763v1_genomic_100kbp_proxy.fna,1
GCA_025161015.1_ASM2516101v1_genomic_100kbp_proxy.fna,0
GCA_030123085.1_ASM3012308v1_genomic_100kbp_proxy.fna,1
GCF_033949325.1_ASM3394932v1_genomic_100kbp_proxy.fna,1
GCA_035812835.1_ASM3581283v1_genomic_100kbp_proxy.fna,1
GCA_024972835.1_ASM2497283v1_genomic_100kbp_proxy.fna,1
GCA_905319155.2_NRS6183B_genomic_100kbp_proxy.fna,0
GCA_045371245.1_ASM4537124v1_genomic_100kbp_proxy.fna,1
GCA_020166055.1_ASM2016605v1_genomic_100kbp_proxy.fna,0
GCA_050464865.1_ASM5046486v1_genomic_100kbp_proxy.fna,1
GCF_010614715.1_ASM1061471v1_genomic_100kbp_proxy.fna,0
GCF_023712285.1_ASM2371228v1_genomic_100kbp_proxy.fna,0
GCA_013285325.1_ASM1328532v1_genomic_100kbp_proxy.fna,1
GCF_000699525.1_ASM69952v1_genomic_100kbp_proxy.fna,0
GCA_051966435.1_ASM5196643v1_genomic_100kbp_proxy.fna,1
GCA_052078225.1_ASM5207822v1_genomic_100kbp_proxy.fna,0
GCF_029857415.2_DSM3257_genomic_100kbp_proxy.fna,0
GCA_036212685.1_ASM3621268v1_genomic_100kbp_proxy.fna,0
GCA_035822335.1_ASM3582233v1_genomic_100kbp_proxy.fna,0
GCA_050465605.1_ASM5046560v1_genomic_100kbp_proxy.fna,0
GCA_044545025.1_ASM4454502v1_genomic_100kbp_proxy.fna,1
GCF_035812775.1_ASM3581277v1_genomic_100kbp_proxy.fna,1
GCA_028540485.1_ASM2854048v1_genomic_100kbp_proxy.fna,1
GCA_051192595.1_ASM5119259v1_genomic_100kbp_proxy.fna,1
GCF_003515125.1_ASM351512v1_genomic_100kbp_proxy.fna,1
GCF_028477245.1_ASM2847724v1_genomic_100kbp_proxy.fna,1
GCA_000344745.1_ASM34474v1_genomic_100kbp_proxy.fna,0
GCF_045291565.1_ASM4529156v1_genomic_100kbp_proxy.fna,1
GCA_015070995.1_ASM1507099v1_genomic_100kbp_proxy.fna,1
GCF_021555035.1_ASM2155503v1_genomic_100kbp_proxy.fna,0
GCA_037754115.1_ASM3775411v1_genomic_100kbp_proxy.fna,0
GCA_021733665.1_ASM2173366v1_genomic_100kbp_proxy.fna,0
GCF_060497655.1_CBMAI_707_genomic_100kbp_proxy.fna,1
GCF_060304305.1_ASM6030430v1_genomic_100kbp_proxy.fna,0
GCF_021497545.1_ASM2149754v1_genomic_100kbp_proxy.fna,0
GCA_035804715.1_ASM3580471v1_genomic_100kbp_proxy.fna,0
GCA_007050175.1_ASM705017v1_genomic_100kbp_proxy.fna,1
GCA_034259385.1_ASM3425938v1_genomic_100kbp_proxy.fna,1
GCA_036221505.1_ASM3622150v1_genomic_100kbp_proxy.fna,0
GCF_035810195.1_ASM3581019v1_genomic_100kbp_proxy.fna,1
GCA_002865715.1_ASM286571v1_genomic_100kbp_proxy.fna,0
GCA_001750765.1_ASM175076v1_genomic_100kbp_proxy.fna,1
GCA_036221925.1_ASM3622192v1_genomic_100kbp_proxy.fna,0
GCA_905311025.1_NRS6084_genomic_100kbp_proxy.fna,0
GCA_060334745.1_ASM6033474v1_genomic_100kbp_proxy.fna,0
GCF_019748415.1_ASM1974841v1_genomic_100kbp_proxy.fna,1
GCA_023714405.1_ASM2371440v1_genomic_100kbp_proxy.fna,0
GCA_000789275.1_ASM78927v1_genomic_100kbp_proxy.fna,0
GCA_037026705.1_ASM3702670v1_genomic_100kbp_proxy.fna,1
GCA_003265285.1_ASM326528v1_genomic_100kbp_proxy.fna,1
GCF_030285965.1_ASM3028596v1_genomic_100kbp_proxy.fna,0
GCA_042265165.1_ASM4226516v1_genomic_100kbp_proxy.fna,1
GCF_000321395.1_ASM32139v1_genomic_100kbp_proxy.fna,1
GCF_001902555.1_ASM190255v1_genomic_100kbp_proxy.fna,1
GCF_041153445.1_ASM4115344v1_genomic_100kbp_proxy.fna,1
GCF_001481595.1_ASM148159v1_genomic_100kbp_proxy.fna,1
GCA_059705385.1_ASM5970538v1_genomic_100kbp_proxy.fna,2
GCF_035809155.1_ASM3580915v1_genomic_100kbp_proxy.fna,1
GCA_050477605.1_ASM5047760v1_genomic_100kbp_proxy.fna,0
GCF_030223505.2_ASM3022350v2_genomic_100kbp_proxy.fna,0
GCA_002355995.1_ASM235599v1_genomic_100kbp_proxy.fna,2
GCA_053607385.1_ASM5360738v1_genomic_100kbp_proxy.fna,0
GCA_965250535.1_AMBI-0008_genomic_100kbp_proxy.fna,1
GCA_030053795.1_ASM3005379v1_genomic_100kbp_proxy.fna,0
GCA_982525055.1_NRS2107_genomic_100kbp_proxy.fna,1
GCA_009857115.1_ASM985711v1_genomic_100kbp_proxy.fna,0
GCA_050847335.1_ASM5084733v1_genomic_100kbp_proxy.fna,0
GCA_059601175.1_ASM5960117v1_genomic_100kbp_proxy.fna,1
GCF_036213565.1_ASM3621356v1_genomic_100kbp_proxy.fna,1
GCA_001481635.1_ASM148163v1_genomic_100kbp_proxy.fna,1
GCF_057786855.1_ASM5778685v1_genomic_100kbp_proxy.fna,0
GCA_030348865.1_ASM3034886v1_genomic_100kbp_proxy.fna,0
GCA_036213605.1_ASM3621360v1_genomic_100kbp_proxy.fna,1
GCA_042730305.1_ASM4273030v1_genomic_100kbp_proxy.fna,0
GCF_046766035.1_ASM4676603v1_genomic_100kbp_proxy.fna,1
GCA_010578235.1_ASM1057823v1_genomic_100kbp_proxy.fna,1
GCF_051647905.1_ASM5164790v1_genomic_100kbp_proxy.fna,0
GCF_054974465.1_ASM5497446v1_genomic_100kbp_proxy.fna,1
GCA_036966765.1_ASM3696676v1_genomic_100kbp_proxy.fna,0
GCA_042742935.1_ASM4274293v1_genomic_100kbp_proxy.fna,0
GCF_040362055.1_ASM4036205v1_genomic_100kbp_proxy.fna,2
GCA_028541405.1_ASM2854140v1_genomic_100kbp_proxy.fna,0
GCA_012926045.1_ASM1292604v1_genomic_100kbp_proxy.fna,0
GCA_051904015.1_ASM5190401v1_genomic_100kbp_proxy.fna,0
GCA_047275895.1_ASM4727589v1_genomic_100kbp_proxy.fna,1
GCF_001560635.1_NG05B_CO5_04_genomic_100kbp_proxy.fna,1
GCF_028540525.1_ASM2854052v1_genomic_100kbp_proxy.fna,1
GCA_026153475.1_ASM2615347v1_genomic_100kbp_proxy.fna,0
GCA_035814335.1_ASM3581433v1_genomic_100kbp_proxy.fna,1
GCF_020552025.1_ASM2055202v1_genomic_100kbp_proxy.fna,1
GCA_016865295.1_ASM1686529v1_genomic_100kbp_proxy.fna,2
GCA_042270825.1_ASM4227082v1_genomic_100kbp_proxy.fna,1
GCA_024623085.1_ASM2462308v1_genomic_100kbp_proxy.fna,0
GCF_036221885.1_ASM3622188v1_genomic_100kbp_proxy.fna,0
GCA_042799395.1_ASM4279939v1_genomic_100kbp_proxy.fna,1
GCF_059729485.1_ASM5972948v1_genomic_100kbp_proxy.fna,2
GCF_035809395.1_ASM3580939v1_genomic_100kbp_proxy.fna,0
GCF_000699465.1_ASM69946v1_genomic_100kbp_proxy.fna,1
GCA_905319565.2_NRS6190B_genomic_100kbp_proxy.fna,0
GCF_059705435.1_ASM5970543v1_genomic_100kbp_proxy.fna,2
GCA_057443935.1_ASM5744393v1_genomic_100kbp_proxy.fna,0
GCA_052077915.1_ASM5207791v1_genomic_100kbp_proxy.fna,0
GCF_026794535.1_ASM2679453v1_genomic_100kbp_proxy.fna,1
GCA_050463125.1_ASM5046312v1_genomic_100kbp_proxy.fna,0
GCF_029537415.2_ASM2953741v2_genomic_100kbp_proxy.fna,1
GCF_022570515.1_ASM2257051v1_genomic_100kbp_proxy.fna,0
GCA_051912505.1_ASM5191250v1_genomic_100kbp_proxy.fna,0
GCF_003710285.1_ASM371028v1_genomic_100kbp_proxy.fna,1
GCA_900156365.1_IMG-taxon_2708742540_annotated_assembly_genomic_100kbp_proxy.fna,1
GCF_937906275.1_ERR864075_bin.129_CONCOCT_v1.1_MAG_genomic_100kbp_proxy.fna,2
GCA_983010725.1_NOWI19-1_SAMN10351037_MAG_00000119_genomic_100kbp_proxy.fna,2
GCA_003833295.1_ASM383329v1_genomic_100kbp_proxy.fna,0
GCF_035814055.1_ASM3581405v1_genomic_100kbp_proxy.fna,1
GCA_036222825.1_ASM3622282v1_genomic_100kbp_proxy.fna,0
GCA_024653105.1_ASM2465310v1_genomic_100kbp_proxy.fna,1
GCF_035813095.1_ASM3581309v1_genomic_100kbp_proxy.fna,1
GCA_028541365.1_ASM2854136v1_genomic_100kbp_proxy.fna,0
GCA_004103535.1_ASM410353v1_genomic_100kbp_proxy.fna,1
GCA_015535655.1_ASM1553565v1_genomic_100kbp_proxy.fna,1
GCA_055558955.1_ASM5555895v1_genomic_100kbp_proxy.fna,1
GCA_042668205.1_ASM4266820v1_genomic_100kbp_proxy.fna,0
GCF_050188875.1_ASM5018887v1_genomic_100kbp_proxy.fna,0
GCA_046543845.1_ASM4654384v1_genomic_100kbp_proxy.fna,1
GCA_019704475.1_ASM1970447v1_genomic_100kbp_proxy.fna,0
GCF_905315705.2_NRS6153B_genomic_100kbp_proxy.fna,1
GCA_982966845.1_NOWI19-1_SAMN10351067_MAG_00000154_genomic_100kbp_proxy.fna,2
GCF_033403035.1_ASM3340303v1_genomic_100kbp_proxy.fna,1
GCF_038747945.1_ASM3874794v1_genomic_100kbp_proxy.fna,1
GCA_040822545.1_ASM4082254v1_genomic_100kbp_proxy.fna,2
GCF_010578025.1_ASM1057802v1_genomic_100kbp_proxy.fna,0
GCF_905311425.2_NRS6105B_genomic_100kbp_proxy.fna,0
GCF_022846355.1_ASM2284635v1_genomic_100kbp_proxy.fna,2
GCA_054979545.1_ASM5497954v1_genomic_100kbp_proxy.fna,2
GCF_965138925.1_CIP1.83_genomic_100kbp_proxy.fna,0
GCA_001560435.1_NG05B_C06_04_genomic_100kbp_proxy.fna,1
GCF_056156505.1_ASM5615650v1_genomic_100kbp_proxy.fna,0
GCF_052142275.1_ASM5214227v1_genomic_100kbp_proxy.fna,1
GCA_009834865.1_ASM983486v1_genomic_100kbp_proxy.fna,0
GCF_039770095.1_ASM3977009v1_genomic_100kbp_proxy.fna,1
GCA_048537405.1_ASM4853740v1_genomic_100kbp_proxy.fna,1
GCA_033238785.1_ASM3323878v1_genomic_100kbp_proxy.fna,1
GCA_009662255.1_ASM966225v1_genomic_100kbp_proxy.fna,1
GCA_009884005.1_ASM988400v1_genomic_100kbp_proxy.fna,1
GCA_013332455.1_ASM1333245v1_genomic_100kbp_proxy.fna,1
GCA_037094835.1_ASM3709483v1_genomic_100kbp_proxy.fna,0
GCF_000830735.1_ASM83073v1_genomic_100kbp_proxy.fna,1
GCA_055801795.1_ASM5580179v1_genomic_100kbp_proxy.fna,0
GCA_057334335.1_ASM5733433v1_genomic_100kbp_proxy.fna,1
GCF_905311395.1_NRS6108_genomic_100kbp_proxy.fna,1
GCF_030016315.1_ASM3001631v1_genomic_100kbp_proxy.fna,1
GCF_023521475.1_ASM2352147v1_genomic_100kbp_proxy.fna,0
GCA_042788645.1_ASM4278864v1_genomic_100kbp_proxy.fna,0
GCF_011765645.1_ASM1176564v1_genomic_100kbp_proxy.fna,1
GCA_016629545.1_ASM1662954v1_genomic_100kbp_proxy.fna,2
GCF_040151275.1_ASM4015127v1_genomic_100kbp_proxy.fna,1
GCA_042802695.1_ASM4280269v1_genomic_100kbp_proxy.fna,0
GCF_012030395.1_ASM1203039v1_genomic_100kbp_proxy.fna,1
GCA_977566745.1_MarMAG_100126_genomic_100kbp_proxy.fna,2
GCA_054481195.1_ASM5448119v1_genomic_100kbp_proxy.fna,1
GCF_003144575.1_ASM314457v1_genomic_100kbp_proxy.fna,0
GCA_002495845.1_ASM249584v1_genomic_100kbp_proxy.fna,1
GCA_001286845.1_Bacillus_JRS2_genomic_100kbp_proxy.fna,0
GCA_002055965.1_ASM205596v1_genomic_100kbp_proxy.fna,1
GCA_000186085.1_ASM18608v1_genomic_100kbp_proxy.fna,0
GCF_002163815.1_ASM216381v1_genomic_100kbp_proxy.fna,0
GCF_000830675.1_ASM83067v1_genomic_100kbp_proxy.fna,1
GCF_052037735.2_ASM5203773v2_genomic_100kbp_proxy.fna,1
GCF_023702515.1_ASM2370251v1_genomic_100kbp_proxy.fna,0
GCA_982985915.1_NOWI19-1_SAMN09201852_MAG_00000028_genomic_100kbp_proxy.fna,2
GCF_002215565.1_ASM221556v1_genomic_100kbp_proxy.fna,1
GCA_041949715.1_ASM4194971v1_genomic_100kbp_proxy.fna,1
GCF_057654875.1_ASM5765487v1_genomic_100kbp_proxy.fna,1
GCA_030863625.1_ASM3086362v1_genomic_100kbp_proxy.fna,0
GCF_020176885.1_ASM2017688v1_genomic_100kbp_proxy.fna,0
GCF_035822735.1_ASM3582273v1_genomic_100kbp_proxy.fna,1
GCF_007995205.1_ASM799520v1_genomic_100kbp_proxy.fna,1
GCF_014298115.1_ASM1429811v1_genomic_100kbp_proxy.fna,1
GCA_033451645.1_ASM3345164v1_genomic_100kbp_proxy.fna,0
GCF_001889385.1_ASM188938v1_genomic_100kbp_proxy.fna,0
GCA_052037875.2_ASM5203787v2_genomic_100kbp_proxy.fna,1
GCA_007667515.1_ASM766751v1_genomic_100kbp_proxy.fna,1
GCA_035812375.1_ASM3581237v1_genomic_100kbp_proxy.fna,1
GCA_042674145.1_ASM4267414v1_genomic_100kbp_proxy.fna,0
GCF_054552535.1_ASM5455253v1_genomic_100kbp_proxy.fna,0
GCA_037164265.1_ASM3716426v1_genomic_100kbp_proxy.fna,1
GCF_004119815.1_ASM411981v1_genomic_100kbp_proxy.fna,1
GCF_000706705.1_ASM70670v1_genomic_100kbp_proxy.fna,0
GCA_977566205.1_MarMAG_099745_genomic_100kbp_proxy.fna,2
GCA_977010985.1_NRS8009_genomic_100kbp_proxy.fna,1
GCF_009741365.1_ASM974136v1_genomic_100kbp_proxy.fna,1
GCF_046635905.1_ASM4663590v1_genomic_100kbp_proxy.fna,0
GCF_025452155.1_ASM2545215v1_genomic_100kbp_proxy.fna,1
GCA_052783415.1_ASM5278341v1_genomic_100kbp_proxy.fna,1
GCF_009913515.1_ASM991351v1_genomic_100kbp_proxy.fna,0
GCA_001286745.1_Bacillus_JRS9_genomic_100kbp_proxy.fna,0
GCA_000338735.1_ASM33873v1_genomic_100kbp_proxy.fna,0
GCF_001698505.1_ASM169850v1_genomic_100kbp_proxy.fna,1
GCA_055586665.1_ASM5558666v1_genomic_100kbp_proxy.fna,1
GCA_050463485.1_ASM5046348v1_genomic_100kbp_proxy.fna,0
GCA_034054115.1_ASM3405411v1_genomic_100kbp_proxy.fna,0
GCF_040008285.1_ASM4000828v1_genomic_100kbp_proxy.fna,1
GCF_025502545.1_ASM2550254v1_genomic_100kbp_proxy.fna,0
GCF_055701505.1_ASM5570150v1_genomic_100kbp_proxy.fna,1
GCF_037755145.1_ASM3775514v1_genomic_100kbp_proxy.fna,0
GCA_055690685.1_ASM5569068v1_genomic_100kbp_proxy.fna,0
GCA_035804665.1_ASM3580466v1_genomic_100kbp_proxy.fna,0
GCA_977550915.1_MarMAG_099569_genomic_100kbp_proxy.fna,2
GCA_050476325.1_ASM5047632v1_genomic_100kbp_proxy.fna,0
GCA_036219125.1_ASM3621912v1_genomic_100kbp_proxy.fna,0
GCF_035805155.1_ASM3580515v1_genomic_100kbp_proxy.fna,0
GCF_000953615.1_BS49Ch_genomic_100kbp_proxy.fna,0
GCF_905311435.2_NRS6118B_genomic_100kbp_proxy.fna,1
GCA_905315375.1_NRS6141_genomic_100kbp_proxy.fna,1
GCF_035812235.1_ASM3581223v1_genomic_100kbp_proxy.fna,1
GCF_039770075.1_ASM3977007v1_genomic_100kbp_proxy.fna,0
GCF_052037935.2_ASM5203793v2_genomic_100kbp_proxy.fna,1
GCA_042797595.1_ASM4279759v1_genomic_100kbp_proxy.fna,1
GCF_044130245.1_ASM4413024v1_genomic_100kbp_proxy.fna,0
GCF_043558625.1_ASM4355862v1_genomic_100kbp_proxy.fna,0
GCF_017352355.1_ASM1735235v1_genomic_100kbp_proxy.fna,0
GCA_000155375.1_ASM15537v1_genomic_100kbp_proxy.fna,1
GCA_021728925.1_ASM2172892v1_genomic_100kbp_proxy.fna,0
GCA_009665145.2_ASM966514v2_genomic_100kbp_proxy.fna,1
GCA_053645915.1_ASM5364591v1_genomic_100kbp_proxy.fna,1
GCA_982959955.1_NOWI19-1_SAMN10351120_MAG_00000067_genomic_100kbp_proxy.fna,2
GCA_041053155.1_ASM4105315v1_genomic_100kbp_proxy.fna,1
GCA_028541385.1_ASM2854138v1_genomic_100kbp_proxy.fna,1
GCA_002925885.1_ASM292588v1_genomic_100kbp_proxy.fna,1
GCA_035805015.1_ASM3580501v1_genomic_100kbp_proxy.fna,1
GCA_017753785.1_ASM1775378v1_genomic_100kbp_proxy.fna,1
GCA_050477345.1_ASM5047734v1_genomic_100kbp_proxy.fna,1
GCA_017838265.1_ASM1783826v1_genomic_100kbp_proxy.fna,1
GCA_050457285.1_ASM5045728v1_genomic_100kbp_proxy.fna,1
GCA_053891075.1_ASM5389107v1_genomic_100kbp_proxy.fna,0
GCF_003665275.1_ASM366527v1_genomic_100kbp_proxy.fna,1
GCF_039728905.1_ASM3972890v1_genomic_100kbp_proxy.fna,0
GCF_008017615.1_ASM801761v1_genomic_100kbp_proxy.fna,0
GCF_003762825.1_ASM376282v1_genomic_100kbp_proxy.fna,1
GCA_046533475.1_ASM4653347v1_genomic_100kbp_proxy.fna,1
GCF_024508095.1_ASM2450809v1_genomic_100kbp_proxy.fna,0
GCA_039762315.1_ASM3976231v1_genomic_100kbp_proxy.fna,0
GCA_900110305.1_IMG-taxon_2623620441_annotated_assembly_genomic_100kbp_proxy.fna,1
GCA_041925255.1_ASM4192525v1_genomic_100kbp_proxy.fna,0
GCF_047607985.1_ASM4760798v1_genomic_100kbp_proxy.fna,0
GCA_015880865.1_ASM1588086v1_genomic_100kbp_proxy.fna,1
GCA_050476105.1_ASM5047610v1_genomic_100kbp_proxy.fna,1
GCF_052591155.1_ASM5259115v1_genomic_100kbp_proxy.fna,0
GCF_000789295.1_ASM78929v1_genomic_100kbp_proxy.fna,1
GCF_054481215.1_ASM5448121v1_genomic_100kbp_proxy.fna,1
GCA_036222625.1_ASM3622262v1_genomic_100kbp_proxy.fna,1
GCA_042792615.1_ASM4279261v1_genomic_100kbp_proxy.fna,1
GCF_056339815.1_ASM5633981v1_genomic_100kbp_proxy.fna,1
GCF_047041075.1_ASM4704107v1_genomic_100kbp_proxy.fna,1
GCF_905311415.1_NRS6110_genomic_100kbp_proxy.fna,1
GCA_010578165.1_ASM1057816v1_genomic_100kbp_proxy.fna,0
GCA_023702085.1_ASM2370208v1_genomic_100kbp_proxy.fna,0
GCF_982525085.1_NRS2109_genomic_100kbp_proxy.fna,1
GCF_030846335.1_ASM3084633v1_genomic_100kbp_proxy.fna,1
GCA_036213345.1_ASM3621334v1_genomic_100kbp_proxy.fna,0
GCA_044841745.1_ASM4484174v1_genomic_100kbp_proxy.fna,1
GCF_033436855.1_ASM3343685v1_genomic_100kbp_proxy.fna,0
GCA_029762295.2_ASM2976229v2_genomic_100kbp_proxy.fna,0
GCF_035807755.1_ASM3580775v1_genomic_100kbp_proxy.fna,0
GCA_046592455.1_ASM4659245v1_genomic_100kbp_proxy.fna,1
GCF_905315715.2_NRS6160B_genomic_100kbp_proxy.fna,0
GCF_050106695.1_ASM5010669v1_genomic_100kbp_proxy.fna,0
GCA_042793875.1_ASM4279387v1_genomic_100kbp_proxy.fna,1
GCA_054481175.1_ASM5448117v1_genomic_100kbp_proxy.fna,0
GCF_036222545.1_ASM3622254v1_genomic_100kbp_proxy.fna,0
GCF_000340315.1_ASM34031v1_genomic_100kbp_proxy.fna,1
GCF_001717105.1_ASM171710v1_genomic_100kbp_proxy.fna,0
GCF_052806295.1_ASM5280629v1_genomic_100kbp_proxy.fna,0
GCF_900177305.1_IMG-taxon_2547132509_annotated_assembly_genomic_100kbp_proxy.fna,1
GCA_042266245.1_ASM4226624v1_genomic_100kbp_proxy.fna,0
GCF_030643845.1_ASM3064384v1_genomic_100kbp_proxy.fna,1
GCA_002835225.1_ASM283522v1_genomic_100kbp_proxy.fna,1
GCA_982976355.1_NOWI19-1_SAMN10350899_MAG_00000105_genomic_100kbp_proxy.fna,2
GCF_040712175.1_JM553_genomic_100kbp_proxy.fna,1
GCF_056490885.1_ASM5649088v1_genomic_100kbp_proxy.fna,0
GCA_042754355.1_ASM4275435v1_genomic_100kbp_proxy.fna,0
GCF_980653625.1_FF9-DPCBA-3_genomic_100kbp_proxy.fna,1
GCF_029537155.2_ASM2953715v2_genomic_100kbp_proxy.fna,1
GCF_058091695.1_ASM5809169v1_genomic_100kbp_proxy.fna,1
GCF_007679005.1_ASM767900v1_genomic_100kbp_proxy.fna,0
GCA_050463845.1_ASM5046384v1_genomic_100kbp_proxy.fna,1
GCA_019973715.1_ASM1997371v1_genomic_100kbp_proxy.fna,2
GCA_015845175.1_ASM1584517v1_genomic_100kbp_proxy.fna,0
GCF_056715765.1_ASM5671576v1_genomic_100kbp_proxy.fna,0
GCF_054962435.1_ASM5496243v1_genomic_100kbp_proxy.fna,0
GCF_023518255.2_ASM2351825v2_genomic_100kbp_proxy.fna,1
GCA_905319815.1_NRS6206_genomic_100kbp_proxy.fna,1
GCA_030016255.1_ASM3001625v1_genomic_100kbp_proxy.fna,0
GCF_054408555.1_ASM5440855v1_genomic_100kbp_proxy.fna,0
GCA_018122435.1_ASM1812243v1_genomic_100kbp_proxy.fna,1
GCF_052077925.1_ASM5207792v1_genomic_100kbp_proxy.fna,1
GCA_060855445.1_ASM6085544v1_genomic_100kbp_proxy.fna,1
GCA_036665995.1_ASM3666599v1_genomic_100kbp_proxy.fna,0
GCF_049860545.1_ASM4986054v1_genomic_100kbp_proxy.fna,1
GCA_977010365.1_NRS7985_genomic_100kbp_proxy.fna,0
GCA_038397795.1_ASM3839779v1_genomic_100kbp_proxy.fna,0
GCA_058105245.1_ASM5810524v1_genomic_100kbp_proxy.fna,0
GCF_001698485.1_ASM169848v1_genomic_100kbp_proxy.fna,1
GCA_028540465.1_ASM2854046v1_genomic_100kbp_proxy.fna,0
GCA_003833255.1_ASM383325v1_genomic_100kbp_proxy.fna,0
GCF_001560125.1_GG12_C01_12_genomic_100kbp_proxy.fna,1
GCA_977575905.1_MarMAG_000341_genomic_100kbp_proxy.fna,2
GCA_028540845.1_ASM2854084v1_genomic_100kbp_proxy.fna,0
GCA_030028395.1_ASM3002839v1_genomic_100kbp_proxy.fna,1
GCF_028541545.1_ASM2854154v1_genomic_100kbp_proxy.fna,0
GCF_001703495.1_ASM170349v1_genomic_100kbp_proxy.fna,1
GCA_015645615.1_ASM1564561v1_genomic_100kbp_proxy.fna,0
GCA_905315695.1_NRS6148_genomic_100kbp_proxy.fna,0
GCA_037145075.1_ASM3714507v1_genomic_100kbp_proxy.fna,1
GCA_007182855.1_ASM718285v1_genomic_100kbp_proxy.fna,2
GCA_036213425.1_ASM3621342v1_genomic_100kbp_proxy.fna,1
GCA_004119675.1_ASM411967v1_genomic_100kbp_proxy.fna,1
GCA_050464885.1_ASM5046488v1_genomic_100kbp_proxy.fna,0
GCA_947493205.1_955.fasta_genomic_100kbp_proxy.fna,0
GCA_982963605.1_NOWI19-1_SAMN09201849_MAG_00000082_genomic_100kbp_proxy.fna,2
GCF_056098865.1_ASM5609886v1_genomic_100kbp_proxy.fna,0
GCF_002799585.1_ASM279958v1_genomic_100kbp_proxy.fna,1
GCA_042725685.1_ASM4272568v1_genomic_100kbp_proxy.fna,1
GCA_001625135.1_ASM162513v1_genomic_100kbp_proxy.fna,0
GCA_983018995.1_NOWI19-1_SAMN09201441_MAG_00000073_genomic_100kbp_proxy.fna,2
GCF_035804495.1_ASM3580449v1_genomic_100kbp_proxy.fna,1
GCF_003665335.1_ASM366533v1_genomic_100kbp_proxy.fna,1
GCF_014498985.1_ASM1449898v1_genomic_100kbp_proxy.fna,1
GCA_003336815.1_ASM333681v1_genomic_100kbp_proxy.fna,1
GCA_051122525.1_ASM5112252v1_genomic_100kbp_proxy.fna,1
GCF_000341775.1_ASM34177v1_genomic_100kbp_proxy.fna,0
GCA_052038015.2_ASM5203801v2_genomic_100kbp_proxy.fna,1
GCF_009497795.1_ASM949779v1_genomic_100kbp_proxy.fna,0
GCA_035808095.1_ASM3580809v1_genomic_100kbp_proxy.fna,1
GCA_030121685.1_ASM3012168v1_genomic_100kbp_proxy.fna,0
GCA_052043905.1_ASM5204390v1_genomic_100kbp_proxy.fna,1
GCF_040369885.1_ASM4036988v1_genomic_100kbp_proxy.fna,2
GCA_035810215.1_ASM3581021v1_genomic_100kbp_proxy.fna,1
GCF_015845955.1_ASM1584595v1_genomic_100kbp_proxy.fna,0
GCA_030016535.1_ASM3001653v1_genomic_100kbp_proxy.fna,0
GCF_035810175.1_ASM3581017v1_genomic_100kbp_proxy.fna,1
GCA_050463305.1_ASM5046330v1_genomic_100kbp_proxy.fna,0
GCF_054962355.1_ASM5496235v1_genomic_100kbp_proxy.fna,0
GCA_051252635.1_ASM5125263v1_genomic_100kbp_proxy.fna,1
GCA_050270275.1_ASM5027027v1_genomic_100kbp_proxy.fna,0
GCF_905315685.2_NRS6145B_genomic_100kbp_proxy.fna,1
GCA_009662435.1_ASM966243v1_genomic_100kbp_proxy.fna,0
GCA_059821485.1_ASM5982148v1_genomic_100kbp_proxy.fna,1
GCA_001043765.1_ASM104376v1_genomic_100kbp_proxy.fna,1
GCA_046588145.1_ASM4658814v1_genomic_100kbp_proxy.fna,0
GCA_002173615.1_ASM217361v1_genomic_100kbp_proxy.fna,0
GCF_035814275.1_ASM3581427v1_genomic_100kbp_proxy.fna,1
GCA_000830695.1_ASM83069v1_genomic_100kbp_proxy.fna,1
GCA_023650935.1_ASM2365093v1_genomic_100kbp_proxy.fna,1
GCA_030297825.1_ASM3029782v1_genomic_100kbp_proxy.fna,0
GCA_013393725.1_ASM1339372v1_genomic_100kbp_proxy.fna,1
GCF_038442665.1_YB-187_genome_genomic_100kbp_proxy.fna,1
GCF_053786015.1_ASM5378601v1_genomic_100kbp_proxy.fna,0
GCA_001560675.1_NG05B_CO5_06_genomic_100kbp_proxy.fna,1
GCF_042266485.1_ASM4226648v1_genomic_100kbp_proxy.fna,1
GCA_052693295.1_ASM5269329v1_genomic_100kbp_proxy.fna,1
GCA_013186645.1_ASM1318664v1_genomic_100kbp_proxy.fna,0
GCA_057444255.1_ASM5744425v1_genomic_100kbp_proxy.fna,0
GCF_024507815.1_ASM2450781v1_genomic_100kbp_proxy.fna,1
GCF_040549285.1_ASM4054928v1_genomic_100kbp_proxy.fna,1
GCA_054461995.1_ASM5446199v1_genomic_100kbp_proxy.fna,0
GCA_000830635.1_ASM83063v1_genomic_100kbp_proxy.fna,0
GCF_013620675.1_ASM1362067v1_genomic_100kbp_proxy.fna,0
GCA_001560835.1_NG05B_CO5_15_genomic_100kbp_proxy.fna,1
GCA_047314905.1_ASM4731490v1_genomic_100kbp_proxy.fna,1
GCF_007677755.1_ASM767775v1_genomic_100kbp_proxy.fna,1
GCA_050474085.1_ASM5047408v1_genomic_100kbp_proxy.fna,0
GCA_977556125.1_MarMAG_000332_genomic_100kbp_proxy.fna,2
GCA_005218185.1_ASM521818v1_genomic_100kbp_proxy.fna,0
GCF_036213585.1_ASM3621358v1_genomic_100kbp_proxy.fna,1
GCA_049945035.1_ASM4994503v1_genomic_100kbp_proxy.fna,1
GCF_025449235.1_ASM2544923v1_genomic_100kbp_proxy.fna,1
GCF_018986855.1_ASM1898685v1_genomic_100kbp_proxy.fna,0
GCA_002142535.1_ASM214253v1_genomic_100kbp_proxy.fna,0
GCA_050461725.1_ASM5046172v1_genomic_100kbp_proxy.fna,0
GCA_020104495.1_ASM2010449v1_genomic_100kbp_proxy.fna,1
GCA_905315395.2_NRS6134B_genomic_100kbp_proxy.fna,0
GCA_028806775.1_ASM2880677v1_genomic_100kbp_proxy.fna,1
GCF_023078435.1_ASM2307843v1_genomic_100kbp_proxy.fna,1
GCF_047823005.1_ASM4782300v1_genomic_100kbp_proxy.fna,0
GCF_035812975.1_ASM3581297v1_genomic_100kbp_proxy.fna,1
GCA_011317145.1_ASM1131714v1_genomic_100kbp_proxy.fna,0
GCF_051858235.2_ASM5185823v3_genomic_100kbp_proxy.fna,1
GCA_053607365.1_ASM5360736v1_genomic_100kbp_proxy.fna,1
GCA_047758065.1_ASM4775806v1_genomic_100kbp_proxy.fna,1
GCA_001286785.1_Bacillus_JRS10_genomic_100kbp_proxy.fna,1
GCF_036218965.1_ASM3621896v1_genomic_100kbp_proxy.fna,0
GCA_035804915.1_ASM3580491v1_genomic_100kbp_proxy.fna,1
GCA_042269425.1_ASM4226942v1_genomic_100kbp_proxy.fna,1
GCA_045780055.1_ASM4578005v1_genomic_100kbp_proxy.fna,0
GCA_035809015.1_ASM3580901v1_genomic_100kbp_proxy.fna,1
GCA_059819925.1_ASM5981992v1_genomic_100kbp_proxy.fna,1
GCF_004361725.1_ASM436172v1_genomic_100kbp_proxy.fna,0
GCA_002202055.1_ASM220205v1_genomic_100kbp_proxy.fna,1
GCA_022832445.1_ASM2283244v1_genomic_100kbp_proxy.fna,0
GCF_059729465.1_ASM5972946v1_genomic_100kbp_proxy.fna,2
GCF_006741845.1_ASM674184v1_genomic_100kbp_proxy.fna,0
GCA_019748555.1_ASM1974855v1_genomic_100kbp_proxy.fna,1
GCA_008831405.1_ASM883140v1_genomic_100kbp_proxy.fna,0
GCF_019037315.1_ASM1903731v1_genomic_100kbp_proxy.fna,1
GCA_004101405.1_ASM410140v1_genomic_100kbp_proxy.fna,1
GCF_000338775.1_ASM33877v1_genomic_100kbp_proxy.fna,1
GCF_036221445.1_ASM3622144v1_genomic_100kbp_proxy.fna,0
GCA_016865275.1_ASM1686527v1_genomic_100kbp_proxy.fna,2
GCF_057544205.1_ASM5754420v1_genomic_100kbp_proxy.fna,0
GCF_035804655.1_ASM3580465v1_genomic_100kbp_proxy.fna,0
GCF_047302535.1_SY83.1.0_genomic_100kbp_proxy.fna,1
GCF_965250525.1_AMBY-0007_genomic_100kbp_proxy.fna,1
GCF_021172185.1_ASM2117218v1_genomic_100kbp_proxy.fna,1
GCA_010912695.1_ASM1091269v1_genomic_100kbp_proxy.fna,1
GCF_000401495.1_ASM40149v1_genomic_100kbp_proxy.fna,2
GCF_037414465.1_ASM3741446v1_genomic_100kbp_proxy.fna,1
GCA_004294535.1_ASM429453v1_genomic_100kbp_proxy.fna,0
GCF_018141065.1_ASM1814106v1_genomic_100kbp_proxy.fna,1
GCA_047528675.1_ASM4752867v1_genomic_100kbp_proxy.fna,0
GCA_035804935.1_ASM3580493v1_genomic_100kbp_proxy.fna,0
GCF_025642835.1_ASM2564283v1_genomic_100kbp_proxy.fna,1
GCA_036225405.1_ASM3622540v1_genomic_100kbp_proxy.fna,0
GCA_000340295.1_ASM34029v1_genomic_100kbp_proxy.fna,1
GCF_000349795.1_ASM34979v1_genomic_100kbp_proxy.fna,0
GCA_035804515.1_ASM3580451v1_genomic_100kbp_proxy.fna,1
GCF_031316435.1_ASM3131643v1_genomic_100kbp_proxy.fna,0
GCF_003833195.1_ASM383319v1_genomic_100kbp_proxy.fna,0
GCA_013867545.1_ASM1386754v1_genomic_100kbp_proxy.fna,1
GCA_004101465.1_ASM410146v1_genomic_100kbp_proxy.fna,0
GCA_035809035.1_ASM3580903v1_genomic_100kbp_proxy.fna,0
GCF_052043885.1_ASM5204388v1_genomic_100kbp_proxy.fna,0
GCA_036221705.1_ASM3622170v1_genomic_100kbp_proxy.fna,1
GCF_047302565.1_ASM4730256v1_genomic_100kbp_proxy.fna,0
GCF_016065415.1_ASM1606541v1_genomic_100kbp_proxy.fna,1
GCF_027689075.1_ASM2768907v1_genomic_100kbp_proxy.fna,0
GCF_037749985.1_ASM3774998v1_genomic_100kbp_proxy.fna,1
GCF_007829355.1_ASM782935v1_genomic_100kbp_proxy.fna,0
GCA_019037645.1_ASM1903764v1_genomic_100kbp_proxy.fna,1
GCF_059729445.1_ASM5972944v1_genomic_100kbp_proxy.fna,2
GCA_055454095.1_ASM5545409v1_genomic_100kbp_proxy.fna,1
GCF_019037525.1_ASM1903752v1_genomic_100kbp_proxy.fna,1
GCA_002202035.1_ASM220203v1_genomic_100kbp_proxy.fna,0
GCF_036221845.1_ASM3622184v1_genomic_100kbp_proxy.fna,1
GCF_039903365.1_ASM3990336v1_genomic_100kbp_proxy.fna,0
GCF_007845115.1_ASM784511v1_genomic_100kbp_proxy.fna,0
GCF_019037905.1_ASM1903790v1_genomic_100kbp_proxy.fna,0
GCA_051025355.1_ASM5102535v1_genomic_100kbp_proxy.fna,1
GCA_054065575.1_ASM5406557v1_genomic_100kbp_proxy.fna,1
GCF_036221465.1_ASM3622146v1_genomic_100kbp_proxy.fna,1
GCA_002072735.1_ASM207273v1_genomic_100kbp_proxy.fna,0
GCA_983018535.1_NOWI19-1_SAMN10350895_MAG_00000042_genomic_100kbp_proxy.fna,2
GCF_024800645.1_ASM2480064v1_genomic_100kbp_proxy.fna,1
GCA_018603805.1_ASM1860380v1_genomic_100kbp_proxy.fna,1
GCF_050596035.1_NABI_Bsub_1_genomic_100kbp_proxy.fna,1
GCA_977566255.1_MarMAG_000338_genomic_100kbp_proxy.fna,2
GCA_039621415.1_ASM3962141v1_genomic_100kbp_proxy.fna,0
GCA_001565875.1_ASM156587v1_genomic_100kbp_proxy.fna,0
GCA_035812615.1_ASM3581261v1_genomic_100kbp_proxy.fna,0
GCF_003336895.2_ASM333689v2_genomic_100kbp_proxy.fna,0
GCA_028462485.1_ASM2846248v1_genomic_100kbp_proxy.fna,0
GCA_001560605.1_NG05B_CO5_03_genomic_100kbp_proxy.fna,1
GCF_024507835.1_ASM2450783v1_genomic_100kbp_proxy.fna,1
GCF_010094155.1_ASM1009415v1_genomic_100kbp_proxy.fna,0
GCA_007666785.1_ASM766678v1_genomic_100kbp_proxy.fna,1
GCF_037169145.1_ASM3716914v1_genomic_100kbp_proxy.fna,1
GCA_044545815.1_ASM4454581v1_genomic_100kbp_proxy.fna,1
GCA_022654795.1_ASM2265479v1_genomic_100kbp_proxy.fna,0
GCF_000582885.1_QH-1_V1.0_genomic_100kbp_proxy.fna,0
GCA_035319605.1_ASM3531960v1_genomic_100kbp_proxy.fna,0
GCA_050461705.1_ASM5046170v1_genomic_100kbp_proxy.fna,1
GCF_046529435.1_ASM4652943v1_genomic_100kbp_proxy.fna,1
GCA_035813875.1_ASM3581387v1_genomic_100kbp_proxy.fna,0
GCA_039769285.1_ASM3976928v1_genomic_100kbp_proxy.fna,1
GCF_036687335.1_TTHB27_delta_cmr4_genomic_100kbp_proxy.fna,2
GCF_040733615.1_ASM4073361v1_genomic_100kbp_proxy.fna,0
GCF_001742355.1_ASM174235v1_genomic_100kbp_proxy.fna,1
GCA_036216785.1_ASM3621678v1_genomic_100kbp_proxy.fna,1
GCA_053607345.1_ASM5360734v1_genomic_100kbp_proxy.fna,1
GCF_023614045.1_ASM2361404v1_genomic_100kbp_proxy.fna,0
GCA_030005595.1_ASM3000559v1_genomic_100kbp_proxy.fna,1
GCA_026790755.1_ASM2679075v1_genomic_100kbp_proxy.fna,1
GCF_033392095.1_ASM3339209v1_genomic_100kbp_proxy.fna,0
GCA_014805495.1_ASM1480549v1_genomic_100kbp_proxy.fna,0
GCA_044546445.1_ASM4454644v1_genomic_100kbp_proxy.fna,0
GCF_000747645.1_ASM74764v1_genomic_100kbp_proxy.fna,1
GCA_009662455.1_ASM966245v1_genomic_100kbp_proxy.fna,0
GCF_002215485.1_ASM221548v1_genomic_100kbp_proxy.fna,1
GCA_044546255.1_ASM4454625v1_genomic_100kbp_proxy.fna,0
GCA_052038035.2_ASM5203803v2_genomic_100kbp_proxy.fna,1
GCA_001559975.1_GG12_C01_02_genomic_100kbp_proxy.fna,1
GCA_042788915.1_ASM4278891v1_genomic_100kbp_proxy.fna,1
GCA_001889625.1_ASM188962v1_genomic_100kbp_proxy.fna,1
GCA_035810235.1_ASM3581023v1_genomic_100kbp_proxy.fna,1
GCF_000091545.1_ASM9154v1_genomic_100kbp_proxy.fna,2
GCF_013267115.1_ASM1326711v1_genomic_100kbp_proxy.fna,1
GCA_003014945.1_ASM301494v1_genomic_100kbp_proxy.fna,1
GCA_054353695.1_ASM5435369v1_genomic_100kbp_proxy.fna,0
GCA_024752515.1_ASM2475251v1_genomic_100kbp_proxy.fna,1
GCA_009497815.1_ASM949781v1_genomic_100kbp_proxy.fna,1
GCA_050456965.1_ASM5045696v1_genomic_100kbp_proxy.fna,1
GCF_035810155.1_ASM3581015v1_genomic_100kbp_proxy.fna,0
GCA_002272405.1_assembly-7702_v1_genomic_100kbp_proxy.fna,0
GCA_050463325.1_ASM5046332v1_genomic_100kbp_proxy.fna,1
GCA_023521275.1_ASM2352127v1_genomic_100kbp_proxy.fna,1
GCF_036178865.1_ASM3617886v1_genomic_100kbp_proxy.fna,0
GCA_060334785.1_ASM6033478v1_genomic_100kbp_proxy.fna,0
GCA_051252615.1_ASM5125261v1_genomic_100kbp_proxy.fna,0
GCA_002915255.1_ASM291525v1_genomic_100kbp_proxy.fna,1
GCF_049059625.1_ASM4905962v1_genomic_100kbp_proxy.fna,0
GCF_003665355.1_ASM366535v1_genomic_100kbp_proxy.fna,0
GCF_964017255.1_ASM904v2_genomic_100kbp_proxy.fna,1
GCA_002009135.1_ASM200913v1_genomic_100kbp_proxy.fna,1
GCF_024262185.1_ASM2426218v1_genomic_100kbp_proxy.fna,1
GCF_047902445.1_ASM4790244v1_genomic_100kbp_proxy.fna,0
GCF_011800745.1_ASM1180074v1_genomic_100kbp_proxy.fna,1
GCA_001662955.1_ASM166295v1_genomic_100kbp_proxy.fna,0
GCA_028540445.1_ASM2854044v1_genomic_100kbp_proxy.fna,1
GCF_001660605.1_ASM166060v1_genomic_100kbp_proxy.fna,0
GCA_028540865.1_ASM2854086v1_genomic_100kbp_proxy.fna,1
GCA_039880435.1_ASM3988043v1_genomic_100kbp_proxy.fna,1
GCA_005234095.1_ASM523409v1_genomic_100kbp_proxy.fna,0
GCF_036966605.1_ASM3696660v1_genomic_100kbp_proxy.fna,0
GCA_001560165.1_GG12_C01_14_genomic_100kbp_proxy.fna,1
GCF_028541565.1_ASM2854156v1_genomic_100kbp_proxy.fna,1
GCF_051487145.1_ASM5148714v1_genomic_100kbp_proxy.fna,1
GCA_030348645.1_ASM3034864v1_genomic_100kbp_proxy.fna,0
GCA_007829445.1_ASM782944v1_genomic_100kbp_proxy.fna,1
GCA_004119615.1_ASM411961v1_genomic_100kbp_proxy.fna,1
GCF_047120645.1_ASM4712064v1_genomic_100kbp_proxy.fna,0
GCA_002093785.1_ASM209378v1_genomic_100kbp_proxy.fna,0
GCA_042797015.1_ASM4279701v1_genomic_100kbp_proxy.fna,1
GCF_001057075.1_ASM105707v1_genomic_100kbp_proxy.fna,1
GCF_017599395.1_ASM1759939v1_genomic_100kbp_proxy.fna,0
GCF_024706255.1_ASM2470625v1_genomic_100kbp_proxy.fna,1
GCA_036213405.1_ASM3621340v1_genomic_100kbp_proxy.fna,1
GCF_035822685.1_ASM3582268v1_genomic_100kbp_proxy.fna,0
GCA_009602405.1_ASM960240v1_genomic_100kbp_proxy.fna,1
GCA_004103895.1_ASM410389v1_genomic_100kbp_proxy.fna,0
GCA_983014845.1_NOWI19-1_SAMN10351093_MAG_00000001_genomic_100kbp_proxy.fna,2
GCA_010578035.1_ASM1057803v1_genomic_100kbp_proxy.fna,1
GCF_982988135.1_NOWI19-1_SAMN09201541_MAG_00000029_genomic_100kbp_proxy.fna,2
GCA_059130615.1_ASM5913061v1_genomic_100kbp_proxy.fna,1
GCF_054979555.1_ASM5497955v1_genomic_100kbp_proxy.fna,2
GCF_057592975.1_ASM5759297v1_genomic_100kbp_proxy.fna,0
GCA_031298055.1_ASM3129805v1_genomic_100kbp_proxy.fna,2
GCA_003833235.1_ASM383323v1_genomic_100kbp_proxy.fna,0
GCF_009913255.1_ASM991325v1_genomic_100kbp_proxy.fna,0
GCA_050884255.1_ASM5088425v1_genomic_100kbp_proxy.fna,0
GCA_004103595.1_ASM410359v1_genomic_100kbp_proxy.fna,1
GCF_035805195.1_ASM3580519v1_genomic_100kbp_proxy.fna,0
GCF_035828575.1_ASM3582857v1_genomic_100kbp_proxy.fna,0
GCF_053609825.1_ASM5360982v1_genomic_100kbp_proxy.fna,1
GCA_018394175.1_ASM1839417v1_genomic_100kbp_proxy.fna,0
GCA_009017455.1_ASM901745v1_genomic_100kbp_proxy.fna,1
GCA_050463445.1_ASM5046344v1_genomic_100kbp_proxy.fna,1
GCA_057334135.1_ASM5733413v1_genomic_100kbp_proxy.fna,0
GCA_019884805.1_ASM1988480v1_genomic_100kbp_proxy.fna,2
GCA_044499385.1_ASM4449938v1_genomic_100kbp_proxy.fna,1
GCA_042264485.1_ASM4226448v1_genomic_100kbp_proxy.fna,0
GCF_000740485.1_ASM74048v1_genomic_100kbp_proxy.fna,0
GCF_005160425.1_ASM516042v1_genomic_100kbp_proxy.fna,1
GCF_983001025.1_NOWI19-1_SAMN09201450_MAG_00000028_genomic_100kbp_proxy.fna,2
GCA_060855465.1_ASM6085546v1_genomic_100kbp_proxy.fna,0
GCA_022453545.1_ASM2245354v1_genomic_100kbp_proxy.fna,0
GCA_050457065.1_ASM5045706v1_genomic_100kbp_proxy.fna,1
GCF_905311035.2_NRS6096B_genomic_100kbp_proxy.fna,0
GCA_007829655.1_ASM782965v1_genomic_100kbp_proxy.fna,1
GCF_032680865.1_ASM3268086v1_genomic_100kbp_proxy.fna,1
GCA_042755725.1_ASM4275572v1_genomic_100kbp_proxy.fna,0
GCF_905310985.2_NRS6099B_genomic_100kbp_proxy.fna,1
GCA_047273435.1_ASM4727343v1_genomic_100kbp_proxy.fna,1
GCA_905319555.1_NRS6194_genomic_100kbp_proxy.fna,1
GCA_044546325.1_ASM4454632v1_genomic_100kbp_proxy.fna,1
GCF_000952875.1_ASM95287v1_genomic_100kbp_proxy.fna,1
GCA_025367495.1_ASM2536749v1_genomic_100kbp_proxy.fna,0
GCF_051912515.1_ASM5191251v1_genomic_100kbp_proxy.fna,0
GCA_051515105.1_ASM5151510v1_genomic_100kbp_proxy.fna,1
GCA_001876515.1_ASM187651v1_genomic_100kbp_proxy.fna,1
GCA_042802495.1_ASM4280249v1_genomic_100kbp_proxy.fna,0
GCA_007050095.1_ASM705009v1_genomic_100kbp_proxy.fna,1
GCF_055754995.1_ASM5575499v1_genomic_100kbp_proxy.fna,1
GCF_046573225.1_ASM4657322v1_genomic_100kbp_proxy.fna,1
GCF_035813295.1_ASM3581329v1_genomic_100kbp_proxy.fna,0
GCA_028541165.1_ASM2854116v1_genomic_100kbp_proxy.fna,0
GCA_042792635.1_ASM4279263v1_genomic_100kbp_proxy.fna,1
GCF_060371935.1_ASM6037193v1_genomic_100kbp_proxy.fna,1
GCF_055791245.1_ASM5579124v1_genomic_100kbp_proxy.fna,0
GCF_003265725.1_ASM326572v1_genomic_100kbp_proxy.fna,1
GCA_060989065.1_ASM6098906v1_genomic_100kbp_proxy.fna,0
GCA_036213365.1_ASM3621336v1_genomic_100kbp_proxy.fna,0
GCA_042669455.1_ASM4266945v1_genomic_100kbp_proxy.fna,1
GCF_028864775.1_ASM2886477v1_genomic_100kbp_proxy.fna,0
GCA_014879275.1_ASM1487927v1_genomic_100kbp_proxy.fna,1
GCA_042756385.1_ASM4275638v1_genomic_100kbp_proxy.fna,1
GCA_027533785.1_ASM2753378v1_genomic_100kbp_proxy.fna,0
GCF_022370975.1_ASM2237097v1_genomic_100kbp_proxy.fna,1
GCA_046592855.1_ASM4659285v1_genomic_100kbp_proxy.fna,1
GCA_055702205.1_ASM5570220v1_genomic_100kbp_proxy.fna,0
GCF_001286765.1_Bacillus_JRS7_genomic_100kbp_proxy.fna,0
GCF_010578225.1_ASM1057822v1_genomic_100kbp_proxy.fna,1
GCF_051904005.1_ASM5190400v1_genomic_100kbp_proxy.fna,1
GCA_042735135.1_ASM4273513v1_genomic_100kbp_proxy.fna,1
GCA_054481155.1_ASM5448115v1_genomic_100kbp_proxy.fna,0
GCF_036222565.1_ASM3622256v1_genomic_100kbp_proxy.fna,1
GCA_003610955.1_ASM361095v1_genomic_100kbp_proxy.fna,1
GCA_028540325.1_ASM2854032v1_genomic_100kbp_proxy.fna,1
GCF_056836705.1_ASM5683670v1_genomic_100kbp_proxy.fna,0
GCA_035805035.1_ASM3580503v1_genomic_100kbp_proxy.fna,1
GCA_034858155.1_ASM3485815v1_genomic_100kbp_proxy.fna,1
GCA_015881035.1_ASM1588103v1_genomic_100kbp_proxy.fna,1
GCA_035814285.1_ASM3581428v1_genomic_100kbp_proxy.fna,0
GCA_055701465.1_ASM5570146v1_genomic_100kbp_proxy.fna,1
GCF_035809435.1_ASM3580943v1_genomic_100kbp_proxy.fna,1
GCF_057736595.1_ASM5773659v1_genomic_100kbp_proxy.fna,0
GCF_013388335.1_ASM1338833v1_genomic_100kbp_proxy.fna,0
GCA_003931545.1_ASM393154v1_genomic_100kbp_proxy.fna,1
GCA_026639155.1_ASM2663915v1_genomic_100kbp_proxy.fna,1
GCA_003327665.1_ASM332766v1_genomic_100kbp_proxy.fna,0
GCF_001286785.1_Bacillus_JRS10_genomic_100kbp_proxy.fna,1
GCA_008131765.1_ASM813176v1_genomic_100kbp_proxy.fna,1
GCF_983026025.1_NOWI19-1_SAMN10351036_MAG_00000056_genomic_100kbp_proxy.fna,2
GCF_003665215.1_ASM366521v1_genomic_100kbp_proxy.fna,0
GCF_001560085.1_GG12_C01_10_genomic_100kbp_proxy.fna,1
GCF_014046405.1_ASM1404640v1_genomic_100kbp_proxy.fna,1
GCF_003052465.1_ASM305246v1_genomic_100kbp_proxy.fna,0
GCF_052360545.1_ASM5236054v1_genomic_100kbp_proxy.fna,1
GCF_900215365.1_IMG-taxon_2545824506_annotated_assembly_genomic_100kbp_proxy.fna,0
GCF_004366695.1_ASM436669v1_genomic_100kbp_proxy.fna,1
GCA_001996305.1_ASM199630v1_genomic_100kbp_proxy.fna,0
GCA_036219325.1_ASM3621932v1_genomic_100kbp_proxy.fna,0
GCF_009662155.1_ASM966215v1_genomic_100kbp_proxy.fna,0
GCF_023509705.1_ASM2350970v1_genomic_100kbp_proxy.fna,0
GCA_982776955.1_FORT15-1_SAMEA3355524_MAG_00000026_genomic_100kbp_proxy.fna,2
GCF_000830715.1_ASM83071v1_genomic_100kbp_proxy.fna,0
GCA_053607425.1_ASM5360742v1_genomic_100kbp_proxy.fna,0
GCA_054979585.1_ASM5497958v1_genomic_100kbp_proxy.fna,2
GCF_028748025.1_ASM2874802v1_genomic_100kbp_proxy.fna,1
GCF_028807115.1_ASM2880711v1_genomic_100kbp_proxy.fna,1
GCA_030262585.1_ASM3026258v1_genomic_100kbp_proxy.fna,0
GCF_007679335.1_ASM767933v1_genomic_100kbp_proxy.fna,1
GCA_028870335.1_ASM2887033v1_genomic_100kbp_proxy.fna,0
GCF_030316035.1_ASM3031603v1_genomic_100kbp_proxy.fna,1
GCF_035812215.1_ASM3581221v1_genomic_100kbp_proxy.fna,0
GCF_039770055.1_ASM3977005v1_genomic_100kbp_proxy.fna,0
GCF_052037915.2_ASM5203791v2_genomic_100kbp_proxy.fna,1
GCF_040513675.1_ASM4051367v1_genomic_100kbp_proxy.fna,1
GCA_010614705.1_ASM1061470v1_genomic_100kbp_proxy.fna,0
GCA_029762075.2_ASM2976207v2_genomic_100kbp_proxy.fna,1
GCA_012648345.1_ASM1264834v1_genomic_100kbp_proxy.fna,0
GCA_044545965.1_ASM4454596v1_genomic_100kbp_proxy.fna,0
GCF_000009045.1_ASM904v1_genomic_100kbp_proxy.fna,0
GCF_001560285.1_GG12_C01_21_genomic_100kbp_proxy.fna,1
GCF_001560405.1_NG05B_C06_03_genomic_100kbp_proxy.fna,1
GCA_001876645.1_ASM187664v1_genomic_100kbp_proxy.fna,0
GCA_042671205.1_ASM4267120v1_genomic_100kbp_proxy.fna,1
GCF_013620725.1_ASM1362072v1_genomic_100kbp_proxy.fna,0
GCF_008682315.1_ASM868231v1_genomic_100kbp_proxy.fna,1
GCF_047785725.1_ASM4778572v1_genomic_100kbp_proxy.fna,1
GCF_033413615.1_ASM3341361v1_genomic_100kbp_proxy.fna,1
GCA_001541905.1_ASM154190v1_genomic_100kbp_proxy.fna,1
GCA_035812175.1_ASM3581217v1_genomic_100kbp_proxy.fna,0
GCA_042719555.1_ASM4271955v1_genomic_100kbp_proxy.fna,0
GCF_056631855.1_ASM5663185v1_genomic_100kbp_proxy.fna,0
GCF_035813055.1_ASM3581305v1_genomic_100kbp_proxy.fna,1
GCA_980642315.1_23FF4-BHI-03_genomic_100kbp_proxy.fna,0
GCF_040743115.1_ASM4074311v1_genomic_100kbp_proxy.fna,0
GCF_009662215.1_ASM966221v1_genomic_100kbp_proxy.fna,0
GCA_000740485.1_ASM74048v1_genomic_100kbp_proxy.fna,1
GCA_042789455.1_ASM4278945v1_genomic_100kbp_proxy.fna,1
GCF_037749255.1_ASM3774925v1_genomic_100kbp_proxy.fna,0
GCA_007050085.1_ASM705008v1_genomic_100kbp_proxy.fna,1
GCA_029536835.2_ASM2953683v2_genomic_100kbp_proxy.fna,0
GCA_034377505.1_ASM3437750v1_genomic_100kbp_proxy.fna,0
GCF_032681245.1_ASM3268124v1_genomic_100kbp_proxy.fna,1
GCA_042726125.1_ASM4272612v1_genomic_100kbp_proxy.fna,0
GCA_000952875.1_ASM95287v1_genomic_100kbp_proxy.fna,1
GCF_012647565.1_ASM1264756v1_genomic_100kbp_proxy.fna,1
GCF_030016555.1_ASM3001655v1_genomic_100kbp_proxy.fna,1
GCF_029536775.2_ASM2953677v2_genomic_100kbp_proxy.fna,1
GCA_060938635.1_ASM6093863v1_genomic_100kbp_proxy.fna,0
GCF_057334615.1_ASM5733461v1_genomic_100kbp_proxy.fna,1
GCF_057736505.1_ASM5773650v1_genomic_100kbp_proxy.fna,1
GCF_037844445.1_ASM3784444v1_genomic_100kbp_proxy.fna,0
GCA_009866865.1_ASM986686v1_genomic_100kbp_proxy.fna,1
GCF_001619555.1_ASM161955v1_genomic_100kbp_proxy.fna,0
GCA_042755575.1_ASM4275557v1_genomic_100kbp_proxy.fna,1
GCA_003694695.1_ASM369469v1_genomic_100kbp_proxy.fna,0
GCF_007666295.1_ASM766629v1_genomic_100kbp_proxy.fna,0
GCF_977010335.1_NRS7978_genomic_100kbp_proxy.fna,1
GCF_001037985.1_ASM103798v1_genomic_100kbp_proxy.fna,1
GCF_054331625.1_ASM5433162v1_genomic_100kbp_proxy.fna,0
GCA_035814215.1_ASM3581421v1_genomic_100kbp_proxy.fna,0
GCA_024653155.1_ASM2465315v1_genomic_100kbp_proxy.fna,0
GCF_052037985.2_ASM5203798v2_genomic_100kbp_proxy.fna,1
GCF_001560045.1_GG12_C01_07_genomic_100kbp_proxy.fna,1
GCF_014878105.1_ASM1487810v1_genomic_100kbp_proxy.fna,1
GCF_006088795.1_ASM608879v1_genomic_100kbp_proxy.fna,1
GCA_030348565.1_ASM3034856v1_genomic_100kbp_proxy.fna,1
GCF_964033655.1_BS517c_contigs_annotated_genomic_100kbp_proxy.fna,0
GCF_029350885.1_ASM2935088v1_genomic_100kbp_proxy.fna,1
GCA_047121255.1_ASM4712125v1_genomic_100kbp_proxy.fna,0
GCA_905319135.2_NRS6186B_genomic_100kbp_proxy.fna,1
GCF_001560385.1_NG05B_C06_02_genomic_100kbp_proxy.fna,1
GCA_965139425.1_CIP52.65T_genomic_100kbp_proxy.fna,1
GCA_002612765.1_ASM261276v1_genomic_100kbp_proxy.fna,0
GCF_905310975.2_NRS6085B_genomic_100kbp_proxy.fna,0
GCA_036967215.1_ASM3696721v1_genomic_100kbp_proxy.fna,1
GCF_035812495.1_ASM3581249v1_genomic_100kbp_proxy.fna,0
GCF_047782775.1_K3C_contigs_genomic_100kbp_proxy.fna,1
GCF_001560565.1_NG05B_CO5_01_genomic_100kbp_proxy.fna,1
GCF_024220155.1_ASM2422015v1_genomic_100kbp_proxy.fna,0
GCF_059053515.1_ASM5905351v1_genomic_100kbp_proxy.fna,0
GCA_055698885.1_ASM5569888v1_genomic_100kbp_proxy.fna,1
GCF_035804555.1_ASM3580455v1_genomic_100kbp_proxy.fna,1
GCA_001559965.1_GG12_C01_03_genomic_100kbp_proxy.fna,1
GCF_007672955.1_ASM767295v1_genomic_100kbp_proxy.fna,1
GCF_001720505.1_ASM172050v1_genomic_100kbp_proxy.fna,0
GCF_001560455.1_NG05B_C06_05_genomic_100kbp_proxy.fna,1
GCF_036221745.1_ASM3622174v1_genomic_100kbp_proxy.fna,1
GCF_042264165.1_ASM4226416v1_genomic_100kbp_proxy.fna,1
GCA_055378935.1_ASM5537893v1_genomic_100kbp_proxy.fna,0
GCA_007829515.1_ASM782951v1_genomic_100kbp_proxy.fna,0
GCA_042790655.1_ASM4279065v1_genomic_100kbp_proxy.fna,1
GCA_009913555.1_ASM991355v1_genomic_100kbp_proxy.fna,1
GCA_042789085.1_ASM4278908v1_genomic_100kbp_proxy.fna,1
GCF_034258595.1_ASM3425859v1_genomic_100kbp_proxy.fna,0
GCA_050456885.1_ASM5045688v1_genomic_100kbp_proxy.fna,0
GCF_000507005.1_PTS394_genomic_100kbp_proxy.fna,0
GCF_054065535.1_ASM5406553v1_genomic_100kbp_proxy.fna,0
GCA_060301005.1_ASM6030100v1_genomic_100kbp_proxy.fna,1
GCA_033845325.1_ASM3384532v1_genomic_100kbp_proxy.fna,0
GCA_035804635.1_ASM3580463v1_genomic_100kbp_proxy.fna,1
GCA_905311405.2_NRS6107B_genomic_100kbp_proxy.fna,1
GCF_038405335.1_ASM3840533v1_genomic_100kbp_proxy.fna,1
GCF_035658515.1_ASM3565851v1_genomic_100kbp_proxy.fna,0
GCA_055283775.1_ASM5528377v1_genomic_100kbp_proxy.fna,1
GCA_052145425.1_ASM5214542v1_genomic_100kbp_proxy.fna,1
GCA_058137905.1_ASM5813790v1_genomic_100kbp_proxy.fna,1
GCA_028540985.1_ASM2854098v1_genomic_100kbp_proxy.fna,0
GCF_983004475.1_NOWI19-1_SAMN09201440_MAG_00000038_genomic_100kbp_proxy.fna,2
GCA_050461805.1_ASM5046180v1_genomic_100kbp_proxy.fna,0
GCF_049949125.1_ASM4994912v1_genomic_100kbp_proxy.fna,0
GCF_982813115.1_FORT15-1_SAMEA3355528_MAG_00000097_genomic_100kbp_proxy.fna,2
GCA_037201685.1_ASM3720168v1_genomic_100kbp_proxy.fna,0
GCA_041224885.1_ASM4122488v1_genomic_100kbp_proxy.fna,1
GCA_017601115.1_ASM1760111v1_genomic_100kbp_proxy.fna,0
GCA_002215525.1_ASM221552v1_genomic_100kbp_proxy.fna,1
GCF_019704395.1_ASM1970439v1_genomic_100kbp_proxy.fna,0
GCA_982997465.1_NOWI19-1_SAMN09201603_MAG_00000067_genomic_100kbp_proxy.fna,2
GCA_037747845.1_ASM3774784v1_genomic_100kbp_proxy.fna,1
GCA_041949745.1_ASM4194974v1_genomic_100kbp_proxy.fna,1
GCA_042668685.1_ASM4266868v1_genomic_100kbp_proxy.fna,1
GCF_025847675.1_ASM2584767v1_genomic_100kbp_proxy.fna,1
GCA_001560195.1_GG12_C01_15_genomic_100kbp_proxy.fna,1
GCF_002009095.1_ASM200909v1_genomic_100kbp_proxy.fna,0
GCA_014100815.1_ASM1410081v1_genomic_100kbp_proxy.fna,2
GCA_029350925.1_ASM2935092v1_genomic_100kbp_proxy.fna,1
GCA_000830715.1_ASM83071v1_genomic_100kbp_proxy.fna,1
GCF_049945055.1_ASM4994505v1_genomic_100kbp_proxy.fna,0
GCA_052146085.1_ASM5214608v1_genomic_100kbp_proxy.fna,1
GCF_024259785.1_ASM2425978v1_genomic_100kbp_proxy.fna,1
GCF_035813835.1_ASM3581383v1_genomic_100kbp_proxy.fna,1
GCA_047947055.1_ASM4794705v1_genomic_100kbp_proxy.fna,1
GCA_018223525.1_ASM1822352v1_genomic_100kbp_proxy.fna,1
GCA_052119845.1_ASM5211984v1_genomic_100kbp_proxy.fna,1
GCA_036219005.1_ASM3621900v1_genomic_100kbp_proxy.fna,0
GCF_003174785.1_ASM317478v1_genomic_100kbp_proxy.fna,1
GCF_035805075.1_ASM3580507v1_genomic_100kbp_proxy.fna,0
GCA_007666795.1_ASM766679v1_genomic_100kbp_proxy.fna,0
GCA_056626575.1_ASM5662657v1_genomic_100kbp_proxy.fna,0
GCA_035809475.1_ASM3580947v1_genomic_100kbp_proxy.fna,1
GCF_009662355.1_ASM966235v1_genomic_100kbp_proxy.fna,1
GCA_055455695.1_ASM5545569v1_genomic_100kbp_proxy.fna,0
GCA_019037205.1_ASM1903720v1_genomic_100kbp_proxy.fna,1
GCA_000349795.1_ASM34979v1_genomic_100kbp_proxy.fna,0
GCA_001560515.1_NG05B_C06_11_genomic_100kbp_proxy.fna,1
GCF_000340295.1_ASM34029v1_genomic_100kbp_proxy.fna,0
GCA_016411915.1_ASM1641191v1_genomic_100kbp_proxy.fna,0
GCF_023369715.1_ASM2336971v1_genomic_100kbp_proxy.fna,0
GCA_003600775.1_ASM360077v1_genomic_100kbp_proxy.fna,0
GCA_977558985.1_MarMAG_100141_genomic_100kbp_proxy.fna,2
GCF_042264605.1_ASM4226460v1_genomic_100kbp_proxy.fna,1
GCA_977010945.1_NRS7986_genomic_100kbp_proxy.fna,1
GCF_020509345.1_ASM2050934v1_genomic_100kbp_proxy.fna,0
GCF_003600785.1_ASM360078v1_genomic_100kbp_proxy.fna,0
GCF_007677395.1_ASM767739v1_genomic_100kbp_proxy.fna,1
GCA_050051195.1_ASM5005119v1_genomic_100kbp_proxy.fna,0
GCA_057008375.1_ASM5700837v1_genomic_100kbp_proxy.fna,0
GCA_028807155.1_ASM2880715v1_genomic_100kbp_proxy.fna,1
GCA_040571395.1_TIED-AE6A_genomic_100kbp_proxy.fna,1
GCA_050455765.1_ASM5045576v1_genomic_100kbp_proxy.fna,1
GCF_009363835.1_ASM936383v1_genomic_100kbp_proxy.fna,0
GCA_053606545.1_ASM5360654v1_genomic_100kbp_proxy.fna,0
GCA_036213285.1_ASM3621328v1_genomic_100kbp_proxy.fna,1
GCF_004101485.1_ASM410148v1_genomic_100kbp_proxy.fna,1
GCA_905311375.1_NRS6111_genomic_100kbp_proxy.fna,0
GCA_029916985.1_ASM2991698v1_genomic_100kbp_proxy.fna,0
GCF_003990435.1_ASM399043v1_genomic_100kbp_proxy.fna,0
GCA_056108325.1_ASM5610832v1_genomic_100kbp_proxy.fna,0
GCA_035822575.1_ASM3582257v1_genomic_100kbp_proxy.fna,1
GCA_015654205.1_ASM1565420v1_genomic_100kbp_proxy.fna,0
GCF_040616335.1_TIED-A_genomic_100kbp_proxy.fna,1
GCA_004119555.1_ASM411955v1_genomic_100kbp_proxy.fna,1
GCF_002893805.1_ASM289380v1_genomic_100kbp_proxy.fna,1
GCA_905315035.2_NRS6121B_genomic_100kbp_proxy.fna,0
GCA_029762355.2_ASM2976235v2_genomic_100kbp_proxy.fna,1
GCA_026793955.1_ASM2679395v1_genomic_100kbp_proxy.fna,1
GCF_050379895.1_ASM5037989v1_genomic_100kbp_proxy.fna,0
GCF_035812135.1_ASM3581213v1_genomic_100kbp_proxy.fna,1
GCA_025809235.1_ASM2580923v1_genomic_100kbp_proxy.fna,1
GCA_049538155.1_ASM4953815v1_genomic_100kbp_proxy.fna,1
GCA_050468565.1_ASM5046856v1_genomic_100kbp_proxy.fna,0
GCA_022701095.1_ASM2270109v1_genomic_100kbp_proxy.fna,0
GCA_001278955.1_ASM127895v1_genomic_100kbp_proxy.fna,0
GCF_905319535.2_NRS6202B_genomic_100kbp_proxy.fna,0
GCA_035813015.1_ASM3581301v1_genomic_100kbp_proxy.fna,0
GCA_045836075.1_Ta-OAT-35_genomic_100kbp_proxy.fna,0
GCF_982518475.1_NRS2128_genomic_100kbp_proxy.fna,1
GCF_020552665.1_ASM2055266v1_genomic_100kbp_proxy.fna,1
GCA_044546005.1_ASM4454600v1_genomic_100kbp_proxy.fna,1
GCF_056674935.1_ASM5667493v1_genomic_100kbp_proxy.fna,1
GCA_053609865.1_ASM5360986v1_genomic_100kbp_proxy.fna,0
GCA_021233235.1_ASM2123323v1_genomic_100kbp_proxy.fna,0
GCA_050972025.1_ASM5097202v1_genomic_100kbp_proxy.fna,0
GCF_004101365.1_ASM410136v1_genomic_100kbp_proxy.fna,0
GCF_057396125.1_ASM5739612v1_genomic_100kbp_proxy.fna,1
GCA_982518505.1_NRS2114_genomic_100kbp_proxy.fna,0
GCA_029537135.2_ASM2953713v2_genomic_100kbp_proxy.fna,0
GCA_050462525.1_ASM5046252v1_genomic_100kbp_proxy.fna,0
GCF_035811755.1_ASM3581175v1_genomic_100kbp_proxy.fna,1
GCA_054962455.1_ASM5496245v1_genomic_100kbp_proxy.fna,1
GCF_055455735.1_ASM5545573v1_genomic_100kbp_proxy.fna,0
GCA_027923485.1_ASM2792348v1_genomic_100kbp_proxy.fna,0
GCA_050457345.1_ASM5045734v1_genomic_100kbp_proxy.fna,1
GCA_983020325.1_NOWI19-1_SAMN09202468_MAG_00000037_genomic_100kbp_proxy.fna,2
GCF_025732155.1_ASM2573215v1_genomic_100kbp_proxy.fna,1
GCA_023520855.1_ASM2352085v1_genomic_100kbp_proxy.fna,0
GCF_018122455.1_ASM1812245v1_genomic_100kbp_proxy.fna,1
GCA_000747645.1_ASM74764v1_genomic_100kbp_proxy.fna,1
GCA_023521635.1_ASM2352163v1_genomic_100kbp_proxy.fna,1
GCA_013267025.1_ASM1326702v1_genomic_100kbp_proxy.fna,1
GCA_016774345.1_ASM1677434v1_genomic_100kbp_proxy.fna,1
GCA_014171535.1_ASM1417153v1_genomic_100kbp_proxy.fna,1
GCF_058629295.1_ASM5862929v1_genomic_100kbp_proxy.fna,1
GCF_983005325.1_NOWI19-1_SAMN09202469_MAG_00000049_genomic_100kbp_proxy.fna,2
GCF_030643765.1_ASM3064376v1_genomic_100kbp_proxy.fna,1
GCA_035804395.1_ASM3580439v1_genomic_100kbp_proxy.fna,1
GCF_001342275.1_6755_6_9_genomic_100kbp_proxy.fna,1
GCF_026799655.1_ASM2679965v1_genomic_100kbp_proxy.fna,1
GCF_002173695.1_ASM217369v1_genomic_100kbp_proxy.fna,0
GCA_019583555.1_ASM1958355v1_genomic_100kbp_proxy.fna,1
GCA_036347755.1_ASM3634775v1_genomic_100kbp_proxy.fna,1
GCF_001560725.1_NG05B_CO5_10_genomic_100kbp_proxy.fna,1
GCF_022846275.1_ASM2284627v1_genomic_100kbp_proxy.fna,2
GCF_028541125.1_ASM2854112v1_genomic_100kbp_proxy.fna,1
GCA_038442665.1_YB-187_genome_genomic_100kbp_proxy.fna,0
GCF_025021505.1_ASM2502150v1_genomic_100kbp_proxy.fna,0
GCA_060371975.1_ASM6037197v1_genomic_100kbp_proxy.fna,1
GCA_052827765.1_ASM5282776v1_genomic_100kbp_proxy.fna,0
GCA_044545885.1_ASM4454588v1_genomic_100kbp_proxy.fna,0
GCA_001560595.1_NG05B_CO5_02_genomic_100kbp_proxy.fna,1
GCA_029762195.2_ASM2976219v2_genomic_100kbp_proxy.fna,0
GCA_030348835.1_ASM3034883v1_genomic_100kbp_proxy.fna,1
GCF_001559985.1_GG12_C01_04_genomic_100kbp_proxy.fna,1
GCA_036213045.1_ASM3621304v1_genomic_100kbp_proxy.fna,0
GCA_030519455.1_ASM3051945v1_genomic_100kbp_proxy.fna,0
GCA_035807735.1_ASM3580773v1_genomic_100kbp_proxy.fna,0
GCF_019038065.1_ASM1903806v1_genomic_100kbp_proxy.fna,0
GCF_015645705.1_ASM1564570v1_genomic_100kbp_proxy.fna,1
GCA_036962225.1_ASM3696222v1_genomic_100kbp_proxy.fna,0
GCF_965140155.1_CIP61.7_genomic_100kbp_proxy.fna,0
GCA_040548925.1_ASM4054892v1_genomic_100kbp_proxy.fna,0
GCA_027497435.1_ASM2749743v1_genomic_100kbp_proxy.fna,0
GCA_042730965.1_ASM4273096v1_genomic_100kbp_proxy.fna,0
GCF_046592435.1_ASM4659243v1_genomic_100kbp_proxy.fna,1
GCF_004323065.1_ASM432306v1_genomic_100kbp_proxy.fna,1
GCA_028541245.1_ASM2854124v1_genomic_100kbp_proxy.fna,0
GCF_001560275.1_GG12_C01_20_genomic_100kbp_proxy.fna,1
GCF_054481115.1_ASM5448111v1_genomic_100kbp_proxy.fna,1
GCA_050478145.1_ASM5047814v1_genomic_100kbp_proxy.fna,0
GCA_032598945.1_ASM3259894v1_genomic_100kbp_proxy.fna,1
GCA_035812095.1_ASM3581209v1_genomic_100kbp_proxy.fna,0
GCA_002998755.1_ASM299875v1_genomic_100kbp_proxy.fna,1
GCF_015776795.1_ASM1577679v1_genomic_100kbp_proxy.fna,0
GCF_052693165.1_ASM5269316v1_genomic_100kbp_proxy.fna,0
GCA_037201935.1_ASM3720193v1_genomic_100kbp_proxy.fna,0
GCF_027942395.1_ASM2794239v1_genomic_100kbp_proxy.fna,0
GCF_004365735.1_ASM436573v1_genomic_100kbp_proxy.fna,0
GCF_051016515.1_ASM5101651v1_genomic_100kbp_proxy.fna,1
GCF_023713845.1_ASM2371384v1_genomic_100kbp_proxy.fna,0
GCA_029857415.2_DSM3257_genomic_100kbp_proxy.fna,0
GCF_047120225.1_ASM4712022v1_genomic_100kbp_proxy.fna,0
GCF_036213515.1_ASM3621351v1_genomic_100kbp_proxy.fna,1
GCA_024585045.1_ASM2458504v1_genomic_100kbp_proxy.fna,0
GCF_036213305.1_ASM3621330v1_genomic_100kbp_proxy.fna,1
GCA_035822795.1_ASM3582279v1_genomic_100kbp_proxy.fna,0
GCF_050113215.1_ASM5011321v1_genomic_100kbp_proxy.fna,1
GCA_019974395.1_ASM1997439v1_genomic_100kbp_proxy.fna,2
GCF_905318255.2_NRS6181B_genomic_100kbp_proxy.fna,0
GCF_015645725.1_ASM1564572v1_genomic_100kbp_proxy.fna,1
GCA_052037795.2_ASM5203779v2_genomic_100kbp_proxy.fna,1
GCF_023571865.1_ASM2357186v1_genomic_100kbp_proxy.fna,1
GCA_028541265.1_ASM2854126v1_genomic_100kbp_proxy.fna,1
GCA_042792535.1_ASM4279253v1_genomic_100kbp_proxy.fna,0
GCA_002215405.1_ASM221540v1_genomic_100kbp_proxy.fna,1
GCF_030273385.1_ASM3027338v1_genomic_100kbp_proxy.fna,1
GCA_042792915.1_ASM4279291v1_genomic_100kbp_proxy.fna,0
GCA_020859605.1_ASM2085960v1_genomic_100kbp_proxy.fna,1
GCA_045037735.1_ASM4503773v1_genomic_100kbp_proxy.fna,1
GCA_005153965.1_ASM515396v1_genomic_100kbp_proxy.fna,0
GCF_001895065.1_ASM189506v1_genomic_100kbp_proxy.fna,1
GCA_044546025.1_ASM4454602v1_genomic_100kbp_proxy.fna,1
GCF_965250535.1_AMBI-0008_genomic_100kbp_proxy.fna,0
GCF_055283785.1_ASM5528378v1_genomic_100kbp_proxy.fna,1
GCF_905319545.2_NRS6187B_genomic_100kbp_proxy.fna,1
GCA_007786555.1_ASM778655v1_genomic_100kbp_proxy.fna,1
GCA_048381595.1_ASM4838159v1_genomic_100kbp_proxy.fna,1
GCF_001560685.1_NG05B_CO5_08_genomic_100kbp_proxy.fna,1
GCF_000830695.1_ASM83069v1_genomic_100kbp_proxy.fna,1
GCF_024508175.1_ASM2450817v1_genomic_100kbp_proxy.fna,1
GCF_030016405.1_ASM3001640v1_genomic_100kbp_proxy.fna,1
GCA_050457365.1_ASM5045736v1_genomic_100kbp_proxy.fna,0
GCA_982983745.1_NOWI19-1_SAMN09201452_MAG_00000043_genomic_100kbp_proxy.fna,2
GCA_036231745.1_ASM3623174v1_genomic_100kbp_proxy.fna,0
GCF_018122475.1_ASM1812247v1_genomic_100kbp_proxy.fna,0
GCA_023521615.1_ASM2352161v1_genomic_100kbp_proxy.fna,1
GCA_060301585.1_ASM6030158v1_genomic_100kbp_proxy.fna,0
GCF_004119695.1_ASM411969v1_genomic_100kbp_proxy.fna,1
GCF_042274205.1_ASM4227420v1_genomic_100kbp_proxy.fna,0
GCA_000341775.1_ASM34177v1_genomic_100kbp_proxy.fna,1
GCA_026795275.1_ASM2679527v1_genomic_100kbp_proxy.fna,1
GCA_905316385.2_NRS6167B_genomic_100kbp_proxy.fna,1
GCF_905311025.1_NRS6084_genomic_100kbp_proxy.fna,0
GCF_039917025.1_ASM3991702v1_genomic_100kbp_proxy.fna,0
GCA_053713335.1_ASM5371333v1_genomic_100kbp_proxy.fna,1
GCF_035805295.1_ASM3580529v1_genomic_100kbp_proxy.fna,1
GCA_056858235.1_ASM5685823v1_genomic_100kbp_proxy.fna,1
GCA_012028945.1_ASM1202894v1_genomic_100kbp_proxy.fna,0
GCF_001660525.1_ASM166052v1_genomic_100kbp_proxy.fna,0
GCA_050455745.1_ASM5045574v1_genomic_100kbp_proxy.fna,0
GCA_035812275.1_ASM3581227v1_genomic_100kbp_proxy.fna,0
GCA_050475685.1_ASM5047568v1_genomic_100kbp_proxy.fna,1
GCA_019974155.1_ASM1997415v1_genomic_100kbp_proxy.fna,2
GCA_004119535.1_ASM411953v1_genomic_100kbp_proxy.fna,0
GCF_030348595.1_ASM3034859v1_genomic_100kbp_proxy.fna,1
GCF_030767265.1_ASM3076726v1_genomic_100kbp_proxy.fna,0
GCA_060497655.1_CBMAI_707_genomic_100kbp_proxy.fna,1
GCA_947037075.1_ERR5647223_bin.6_metawrap_v1.3_MAG_genomic_100kbp_proxy.fna,0
GCA_009913395.1_ASM991339v1_genomic_100kbp_proxy.fna,1
GCF_982525055.1_NRS2107_genomic_100kbp_proxy.fna,1
GCA_905311385.2_NRS6116B_genomic_100kbp_proxy.fna,1
GCA_044545055.1_ASM4454505v1_genomic_100kbp_proxy.fna,0
GCA_050480045.1_ASM5048004v1_genomic_100kbp_proxy.fna,1
GCF_051851495.1_ASM5185149v1_genomic_100kbp_proxy.fna,0
GCA_029762375.2_ASM2976237v2_genomic_100kbp_proxy.fna,1
GCF_000830635.1_ASM83063v1_genomic_100kbp_proxy.fna,0
GCA_982777755.1_FORT15-1_SAMEA3355530_MAG_00000001_genomic_100kbp_proxy.fna,2
GCA_030122885.1_ASM3012288v1_genomic_100kbp_proxy.fna,0
GCF_004119175.1_ASM411917v1_genomic_100kbp_proxy.fna,1
GCA_054481095.1_ASM5448109v1_genomic_100kbp_proxy.fna,0
GCA_050476225.1_ASM5047622v1_genomic_100kbp_proxy.fna,1
GCF_035805055.1_ASM3580505v1_genomic_100kbp_proxy.fna,1
GCA_000338775.1_ASM33877v1_genomic_100kbp_proxy.fna,1
GCF_001726025.1_ASM172602v1_genomic_100kbp_proxy.fna,0
GCA_007165405.1_ASM716540v1_genomic_100kbp_proxy.fna,2
GCF_003612735.1_ASM361273v1_genomic_100kbp_proxy.fna,1
GCA_059025425.1_ASM5902542v1_genomic_100kbp_proxy.fna,0
GCA_036365295.1_ASM3636529v1_genomic_100kbp_proxy.fna,0
GCA_000401495.1_ASM40149v1_genomic_100kbp_proxy.fna,2
GCA_036221365.1_ASM3622136v1_genomic_100kbp_proxy.fna,0
GCA_007667365.1_ASM766736v1_genomic_100kbp_proxy.fna,0
GCA_001560715.1_NG05B_CO5_09_genomic_100kbp_proxy.fna,1
GCA_025716825.1_ASM2571682v1_genomic_100kbp_proxy.fna,1
GCF_035825195.1_ASM3582519v1_genomic_100kbp_proxy.fna,1
GCA_056433225.1_ASM5643322v1_genomic_100kbp_proxy.fna,1
GCA_963692735.1_SQ513ccp_genomic_100kbp_proxy.fna,0
GCF_004328925.1_ASM432892v1_genomic_100kbp_proxy.fna,1
GCF_009662335.1_ASM966233v1_genomic_100kbp_proxy.fna,1
GCA_023715025.1_ASM2371502v1_genomic_100kbp_proxy.fna,1
GCF_001750745.1_ASM175074v1_genomic_100kbp_proxy.fna,1
GCA_001890405.1_ASM189040v1_genomic_100kbp_proxy.fna,0
GCA_031316525.1_ASM3131652v1_genomic_100kbp_proxy.fna,1
GCA_002290305.1_ASM229030v1_genomic_100kbp_proxy.fna,1
GCF_007666815.1_ASM766681v1_genomic_100kbp_proxy.fna,0
GCF_038594285.1_ASM3859428v1_genomic_100kbp_proxy.fna,0
GCA_058629315.1_ASM5862931v1_genomic_100kbp_proxy.fna,0
GCA_002338765.1_ASM233876v1_genomic_100kbp_proxy.fna,1
GCA_053607045.1_ASM5360704v1_genomic_100kbp_proxy.fna,0
GCF_040372575.1_ASM4037257v1_genomic_100kbp_proxy.fna,2
GCA_047758345.1_ASM4775834v1_genomic_100kbp_proxy.fna,1
GCA_035813755.1_ASM3581375v1_genomic_100kbp_proxy.fna,0
GCA_965138925.1_CIP1.83_genomic_100kbp_proxy.fna,1
GCA_028540585.1_ASM2854058v1_genomic_100kbp_proxy.fna,1
GCF_017901775.1_ASM1790177v1_genomic_100kbp_proxy.fna,1
GCF_000155375.1_ASM15537v1_genomic_100kbp_proxy.fna,1
GCA_046267835.1_ASM4626783v1_genomic_100kbp_proxy.fna,1
GCA_003665295.1_ASM366529v1_genomic_100kbp_proxy.fna,0
GCA_001560795.1_NG05B_CO5_13_genomic_100kbp_proxy.fna,1
GCA_035822235.1_ASM3582223v1_genomic_100kbp_proxy.fna,0
GCF_001560135.1_GG12_C01_13_genomic_100kbp_proxy.fna,1
GCF_052233195.1_ASM5223319v1_genomic_100kbp_proxy.fna,1
GCA_001286765.1_Bacillus_JRS7_genomic_100kbp_proxy.fna,1
GCA_037757895.1_ASM3775789v1_genomic_100kbp_proxy.fna,0
GCA_001888825.1_ASM188882v1_genomic_100kbp_proxy.fna,0
GCF_001560755.1_NG05B_CO5_11_genomic_100kbp_proxy.fna,1
GCF_049368775.1_ASM4936877v1_genomic_100kbp_proxy.fna,1
GCA_046529455.1_ASM4652945v1_genomic_100kbp_proxy.fna,0
GCA_019464335.1_ASM1946433v1_genomic_100kbp_proxy.fna,0
GCA_042753845.1_ASM4275384v1_genomic_100kbp_proxy.fna,1
GCF_036621485.1_ASM3662148v1_genomic_100kbp_proxy.fna,0
GCA_032878855.1_ASM3287885v1_genomic_100kbp_proxy.fna,0
GCA_023156115.1_ASM2315611v1_genomic_100kbp_proxy.fna,1
GCA_003594755.2_ASM359475v2_genomic_100kbp_proxy.fna,1
GCA_052119865.1_ASM5211986v1_genomic_100kbp_proxy.fna,1
GCA_035621695.1_ASM3562169v1_genomic_100kbp_proxy.fna,1
GCA_051963855.1_ASM5196385v1_genomic_100kbp_proxy.fna,1
GCA_018603725.1_ASM1860372v1_genomic_100kbp_proxy.fna,0
GCF_055524525.1_ASM5552452v1_genomic_100kbp_proxy.fna,0
GCA_055566775.1_ASM5556677v1_genomic_100kbp_proxy.fna,0
GCF_983003735.1_NOWI19-1_SAMN10350894_MAG_00000125_genomic_100kbp_proxy.fna,2
GCF_035804575.1_ASM3580457v1_genomic_100kbp_proxy.fna,0
GCF_036221765.1_ASM3622176v1_genomic_100kbp_proxy.fna,1
GCF_002201995.1_ASM220199v1_genomic_100kbp_proxy.fna,1
GCF_036965365.1_ASM3696536v1_genomic_100kbp_proxy.fna,1
GCF_037997165.1_ASM3799716v1_genomic_100kbp_proxy.fna,1
GCA_001698525.1_ASM169852v1_genomic_100kbp_proxy.fna,1
GCF_056679995.1_ASM5667999v1_genomic_100kbp_proxy.fna,0
GCA_059729425.1_ASM5972942v1_genomic_100kbp_proxy.fna,2
GCF_040819565.1_ASM4081956v1_genomic_100kbp_proxy.fna,1
GCA_036221825.1_ASM3622182v1_genomic_100kbp_proxy.fna,1
GCA_009913535.1_ASM991353v1_genomic_100kbp_proxy.fna,1
GCA_019037965.1_ASM1903796v1_genomic_100kbp_proxy.fna,0
GCA_905311395.1_NRS6108_genomic_100kbp_proxy.fna,1
GCA_036221405.1_ASM3622140v1_genomic_100kbp_proxy.fna,1
GCA_035804615.1_ASM3580461v1_genomic_100kbp_proxy.fna,1
GCF_036218665.1_ASM3621866v1_genomic_100kbp_proxy.fna,1
GCA_004119835.1_ASM411983v1_genomic_100kbp_proxy.fna,1
GCF_000385985.1_Bacillus_subtilis_PS216_genomic_100kbp_proxy.fna,0
GCF_053551415.1_ASM5355141v1_genomic_100kbp_proxy.fna,1
GCF_021398545.1_ASM2139854v1_genomic_100kbp_proxy.fna,1
GCF_015602625.1_ASM1560262v1_genomic_100kbp_proxy.fna,1
GCA_042886295.1_ASM4288629v1_genomic_100kbp_proxy.fna,0
GCF_015645655.1_ASM1564565v1_genomic_100kbp_proxy.fna,0
GCF_041514415.1_ASM4151441v1_genomic_100kbp_proxy.fna,1
GCA_046535715.1_ASM4653571v1_genomic_100kbp_proxy.fna,0
GCF_024128815.1_ASM2412881v1_genomic_100kbp_proxy.fna,1
GCA_001746575.1_ASM174657v1_genomic_100kbp_proxy.fna,1
GCF_012689465.1_ASM1268946v1_genomic_100kbp_proxy.fna,1
GCA_000340315.1_ASM34031v1_genomic_100kbp_proxy.fna,1
GCA_977564285.1_MarMAG_000335_genomic_100kbp_proxy.fna,2
GCA_000789295.1_ASM78929v1_genomic_100kbp_proxy.fna,0
GCF_008764245.1_FS357_genomic_100kbp_proxy.fna,0
GCA_042669625.1_ASM4266962v1_genomic_100kbp_proxy.fna,0
GCA_002271425.1_assembly-7772_v1_genomic_100kbp_proxy.fna,0
GCA_053538395.1_ASM5353839v1_genomic_100kbp_proxy.fna,0
GCA_035813595.1_ASM3581359v1_genomic_100kbp_proxy.fna,1
GCF_006165085.1_ASM616508v1_genomic_100kbp_proxy.fna,1
GCA_050482305.1_ASM5048230v1_genomic_100kbp_proxy.fna,1
GCA_049311615.1_ASM4931161v1_genomic_100kbp_proxy.fna,1
GCF_001619535.1_ASM161953v1_genomic_100kbp_proxy.fna,0
GCA_982973785.1_NOWI19-1_SAMN10351049_MAG_00000076_genomic_100kbp_proxy.fna,2
GCF_009665145.1_ASM966514v2_genomic_100kbp_proxy.fna,1
GCA_055572055.1_ASM5557205v1_genomic_100kbp_proxy.fna,1
GCF_041051865.1_ASM4105186v1_genomic_100kbp_proxy.fna,1
GCF_052038055.2_ASM5203805v2_genomic_100kbp_proxy.fna,1
GCA_042789475.1_ASM4278947v1_genomic_100kbp_proxy.fna,1
GCF_019931715.1_ASM1993171v1_genomic_100kbp_proxy.fna,0
GCA_029536815.2_ASM2953681v2_genomic_100kbp_proxy.fna,1
GCF_035810255.1_ASM3581025v1_genomic_100kbp_proxy.fna,0
GCA_023521175.1_ASM2352117v1_genomic_100kbp_proxy.fna,1
GCA_030769525.1_ASM3076952v1_genomic_100kbp_proxy.fna,0
GCA_037914925.1_ASM3791492v1_genomic_100kbp_proxy.fna,1
GCF_009662275.1_ASM966227v1_genomic_100kbp_proxy.fna,1
GCA_036687335.1_TTHB27_delta_cmr4_genomic_100kbp_proxy.fna,2
GCF_977010985.1_NRS8009_genomic_100kbp_proxy.fna,1
GCA_001560375.1_NG05B_C03_01_genomic_100kbp_proxy.fna,1
GCA_035814235.1_ASM3581423v1_genomic_100kbp_proxy.fna,0
GCA_022700955.1_ASM2270095v1_genomic_100kbp_proxy.fna,0
GCA_012030675.1_ASM1203067v1_genomic_100kbp_proxy.fna,1
GCA_001286885.1_Bacillus_JRS11_genomic_100kbp_proxy.fna,0
GCF_040270045.1_ASM4027004v1_genomic_100kbp_proxy.fna,0
GCA_025767725.1_ASM2576772v1_genomic_100kbp_proxy.fna,0
GCF_051908735.1_ASM5190873v1_genomic_100kbp_proxy.fna,0
GCA_042728895.1_ASM4272889v1_genomic_100kbp_proxy.fna,1
GCA_050464985.1_ASM5046498v1_genomic_100kbp_proxy.fna,1
GCF_041344815.1_ASM4134481v1_genomic_100kbp_proxy.fna,1
GCF_056110565.1_ASM5611056v1_genomic_100kbp_proxy.fna,1
GCA_053709215.1_ASM5370921v1_genomic_100kbp_proxy.fna,0
GCF_019704355.1_ASM1970435v1_genomic_100kbp_proxy.fna,0
GCA_025426155.1_ASM2542615v1_genomic_100kbp_proxy.fna,1
GCF_006454465.1_ASM645446v1_genomic_100kbp_proxy.fna,0
GCF_007666235.1_ASM766623v1_genomic_100kbp_proxy.fna,1
GCA_028540945.1_ASM2854094v1_genomic_100kbp_proxy.fna,0
GCF_905315375.1_NRS6141_genomic_100kbp_proxy.fna,1
GCA_022647025.1_ASM2264702v1_genomic_100kbp_proxy.fna,1
GCF_004101565.1_ASM410156v1_genomic_100kbp_proxy.fna,1
GCA_003339745.1_ASM333974v1_genomic_100kbp_proxy.fna,0
GCA_039614745.1_UFV_IsrfA_genomic_100kbp_proxy.fna,1
GCA_055326565.1_ASM5532656v1_genomic_100kbp_proxy.fna,1
GCA_045343855.1_ASM4534385v1_genomic_100kbp_proxy.fna,1
GCA_057162945.1_ASM5716294v1_genomic_100kbp_proxy.fna,1
GCA_055485775.1_ASM5548577v1_genomic_100kbp_proxy.fna,0
GCF_002378965.1_ASM237896v1_genomic_100kbp_proxy.fna,2
GCA_036322565.1_ASM3632256v1_genomic_100kbp_proxy.fna,1
GCA_041080715.1_ASM4108071v1_genomic_100kbp_proxy.fna,1
GCF_015844635.1_ASM1584463v1_genomic_100kbp_proxy.fna,1
GCA_050463205.1_ASM5046320v1_genomic_100kbp_proxy.fna,0
GCA_044767025.1_ASM4476702v1_genomic_100kbp_proxy.fna,1
GCF_013267035.1_ASM1326703v1_genomic_100kbp_proxy.fna,0
GCF_050908245.1_ASM5090824v1_genomic_100kbp_proxy.fna,1
GCF_030662185.1_ASM3066218v1_genomic_100kbp_proxy.fna,0
GCA_018122445.1_ASM1812244v1_genomic_100kbp_proxy.fna,1
GCA_022759265.1_ASM2275926v1_genomic_100kbp_proxy.fna,1
GCA_042790085.1_ASM4279008v1_genomic_100kbp_proxy.fna,1
GCF_035811235.1_ASM3581123v1_genomic_100kbp_proxy.fna,0
GCF_052535495.1_ASM5253549v1_genomic_100kbp_proxy.fna,0
GCF_982963565.1_NOWI19-1_SAMN10351174_MAG_00000104_genomic_100kbp_proxy.fna,2
GCF_034555075.1_ASM3455507v1_genomic_100kbp_proxy.fna,0
GCA_000830735.1_ASM83073v1_genomic_100kbp_proxy.fna,0
GCA_046591695.1_ASM4659169v1_genomic_100kbp_proxy.fna,1
GCF_035812875.1_ASM3581287v1_genomic_100kbp_proxy.fna,0
GCA_053538375.1_ASM5353837v1_genomic_100kbp_proxy.fna,1
GCA_012029855.1_ASM1202985v1_genomic_100kbp_proxy.fna,0
GCA_035813955.1_ASM3581395v1_genomic_100kbp_proxy.fna,1
GCF_035812245.1_ASM3581224v1_genomic_100kbp_proxy.fna,0
GCA_055754865.1_ASM5575486v1_genomic_100kbp_proxy.fna,1
GCF_030297075.1_ASM3029707v1_genomic_100kbp_proxy.fna,1
GCF_004119715.1_ASM411971v1_genomic_100kbp_proxy.fna,1
GCA_039939295.1_ASM3993929v1_genomic_100kbp_proxy.fna,1
GCF_039619305.1_ASM3961930v1_genomic_100kbp_proxy.fna,1
GCF_035823135.1_ASM3582313v1_genomic_100kbp_proxy.fna,0
GCF_030413125.1_ASM3041312v1_genomic_100kbp_proxy.fna,0
GCA_905311415.1_NRS6110_genomic_100kbp_proxy.fna,0
GCF_002201955.1_ASM220195v1_genomic_100kbp_proxy.fna,0
GCF_030846795.1_ASM3084679v1_genomic_100kbp_proxy.fna,1
GCF_029542145.1_ASM2954214v1_genomic_100kbp_proxy.fna,1
GCA_982525085.1_NRS2109_genomic_100kbp_proxy.fna,1
GCF_012689485.1_ASM1268948v1_genomic_100kbp_proxy.fna,1
GCA_021728955.1_ASM2172895v1_genomic_100kbp_proxy.fna,0
GCA_032911345.1_ASM3291134v1_genomic_100kbp_proxy.fna,0
GCA_024918995.1_ASM2491899v1_genomic_100kbp_proxy.fna,0
GCA_049944945.1_ASM4994494v1_genomic_100kbp_proxy.fna,1
GCF_009676665.1_ASM967666v1_genomic_100kbp_proxy.fna,1
GCA_040278585.1_ASM4027858v1_genomic_100kbp_proxy.fna,0
GCF_001465815.1_ASM146581v1_genomic_100kbp_proxy.fna,0
GCF_025728295.1_ASM2572829v1_genomic_100kbp_proxy.fna,1
GCA_000830675.1_ASM83067v1_genomic_100kbp_proxy.fna,0
GCA_055585685.1_ASM5558568v1_genomic_100kbp_proxy.fna,0
GCF_000186085.1_ASM18608v1_genomic_100kbp_proxy.fna,0
GCF_028806935.1_ASM2880693v1_genomic_100kbp_proxy.fna,0
GCA_026790895.1_ASM2679089v1_genomic_100kbp_proxy.fna,1
GCF_977010365.1_NRS7985_genomic_100kbp_proxy.fna,1
GCF_000338735.1_ASM33873v1_genomic_100kbp_proxy.fna,0
GCA_001560065.1_GG12_C01_08_genomic_100kbp_proxy.fna,1
GCA_039593675.1_ASM3959367v1_genomic_100kbp_proxy.fna,1
GCF_038898345.1_ASM3889834v1_genomic_100kbp_proxy.fna,1
GCA_051028755.1_ASM5102875v1_genomic_100kbp_proxy.fna,0
GCA_050477525.1_ASM5047752v1_genomic_100kbp_proxy.fna,0
GCA_036218725.1_ASM3621872v1_genomic_100kbp_proxy.fna,0
GCF_036221545.1_ASM3622154v1_genomic_100kbp_proxy.fna,0
GCF_019037825.1_ASM1903782v1_genomic_100kbp_proxy.fna,1
GCF_003184225.1_ASM318422v1_genomic_100kbp_proxy.fna,1
GCF_900095345.1_ASM90009534v1_genomic_100kbp_proxy.fna,1
GCA_050462285.1_ASM5046228v1_genomic_100kbp_proxy.fna,1
GCF_019037405.1_ASM1903740v1_genomic_100kbp_proxy.fna,0
GCF_983023285.1_NOWI19-1_SAMN10351091_MAG_00000005_genomic_100kbp_proxy.fna,2
GCF_016411905.1_ASM1641190v1_genomic_100kbp_proxy.fna,0
GCA_025245215.1_ASM2524521v1_genomic_100kbp_proxy.fna,1
GCA_042789285.1_ASM4278928v1_genomic_100kbp_proxy.fna,0
GCA_009982935.1_ASM998293v1_genomic_100kbp_proxy.fna,0
GCA_042789495.1_ASM4278949v1_genomic_100kbp_proxy.fna,0
GCA_003665255.1_ASM366525v1_genomic_100kbp_proxy.fna,0
GCA_000706705.1_ASM70670v1_genomic_100kbp_proxy.fna,1
GCF_041537785.1_ASM4153778v1_genomic_100kbp_proxy.fna,0
GCF_905319815.1_NRS6206_genomic_100kbp_proxy.fna,1
GCA_035809115.1_ASM3580911v1_genomic_100kbp_proxy.fna,1
GCA_054875795.1_ASM5487579v1_genomic_100kbp_proxy.fna,1
GCF_002272375.1_assembly-7706_v1_genomic_100kbp_proxy.fna,0
GCA_035804435.1_ASM3580443v1_genomic_100kbp_proxy.fna,1
GCF_029625925.1_ASM2962592v1_genomic_100kbp_proxy.fna,1
GCA_003426125.1_ASM342612v1_genomic_100kbp_proxy.fna,1
GCF_001560525.1_NG05B_C06_12_genomic_100kbp_proxy.fna,1
GCF_011366195.1_ASM1136619v1_genomic_100kbp_proxy.fna,2
GCA_055688045.1_ASM5568804v1_genomic_100kbp_proxy.fna,1
GCA_035804815.1_ASM3580481v1_genomic_100kbp_proxy.fna,0
GCA_054462015.1_ASM5446201v1_genomic_100kbp_proxy.fna,1
GCA_007666735.1_ASM766673v1_genomic_100kbp_proxy.fna,1
GCA_002865705.1_ASM286570v1_genomic_100kbp_proxy.fna,0
GCF_054552615.1_ASM5455261v1_genomic_100kbp_proxy.fna,1
GCA_007050165.1_ASM705016v1_genomic_100kbp_proxy.fna,1
GCA_977566355.1_MarMAG_000334_genomic_100kbp_proxy.fna,2
GCA_028541285.1_ASM2854128v1_genomic_100kbp_proxy.fna,1
GCA_982967455.1_NOWI19-1_SAMN10351267_MAG_00000054_genomic_100kbp_proxy.fna,2
GCA_052806235.1_ASM5280623v1_genomic_100kbp_proxy.fna,0
GCA_001704095.1_ASM170409v1_genomic_100kbp_proxy.fna,1
GCA_019974375.1_ASM1997437v1_genomic_100kbp_proxy.fna,2
GCF_035822415.1_ASM3582241v1_genomic_100kbp_proxy.fna,0
GCA_036213085.1_ASM3621308v1_genomic_100kbp_proxy.fna,0
GCF_000344745.1_ASM34474v1_genomic_100kbp_proxy.fna,0
GCF_007050195.1_ASM705019v1_genomic_100kbp_proxy.fna,1
GCA_052037775.2_ASM5203777v2_genomic_100kbp_proxy.fna,1
GCF_002142515.1_ASM214251v1_genomic_100kbp_proxy.fna,1
GCF_002982175.1_ASM298217v1_genomic_100kbp_proxy.fna,0
GCF_051966315.1_ASM5196631v1_genomic_100kbp_proxy.fna,0
GCF_060246355.1_ASM6024635v1_genomic_100kbp_proxy.fna,1
GCF_905315695.1_NRS6148_genomic_100kbp_proxy.fna,0
GCA_035822775.1_ASM3582277v1_genomic_100kbp_proxy.fna,0
GCF_030847885.1_ASM3084788v1_genomic_100kbp_proxy.fna,0
GCA_039581705.1_ASM3958170v1_genomic_100kbp_proxy.fna,0
GCA_965250525.1_AMBY-0007_genomic_100kbp_proxy.fna,1
GCA_024802585.1_ASM2480258v1_genomic_100kbp_proxy.fna,1
GCF_052037835.2_ASM5203783v2_genomic_100kbp_proxy.fna,1
GCA_029762155.2_ASM2976215v2_genomic_100kbp_proxy.fna,1
GCF_035812335.1_ASM3581233v1_genomic_100kbp_proxy.fna,0
GCF_046529465.1_ASM4652946v1_genomic_100kbp_proxy.fna,0
GCA_000699525.1_ASM69952v1_genomic_100kbp_proxy.fna,0
GCF_036966285.1_ASM3696628v1_genomic_100kbp_proxy.fna,1
GCA_980644365.1_23FF4-BHI-04_genomic_100kbp_proxy.fna,0
GCF_028807035.1_ASM2880703v1_genomic_100kbp_proxy.fna,1
GCA_035813215.1_ASM3581321v1_genomic_100kbp_proxy.fna,0
GCF_049852155.1_ASM4985215v1_genomic_100kbp_proxy.fna,0
GCF_037742535.1_ASM3774253v1_genomic_100kbp_proxy.fna,0
GCF_025367415.1_ASM2536741v1_genomic_100kbp_proxy.fna,0
GCF_007673065.1_ASM767306v1_genomic_100kbp_proxy.fna,1
GCA_000321395.1_ASM32139v1_genomic_100kbp_proxy.fna,0
GCA_002277775.1_ASM227777v1_genomic_100kbp_proxy.fna,0
GCA_001560465.1_NG05B_C06_06_genomic_100kbp_proxy.fna,1
GCF_004923335.1_ASM492333v1_genomic_100kbp_proxy.fna,1
GCF_051028965.1_ASM5102896v1_genomic_100kbp_proxy.fna,1
GCF_018603715.1_ASM1860371v1_genomic_100kbp_proxy.fna,1
GCF_054061355.1_ASM5406135v1_genomic_100kbp_proxy.fna,1
GCA_054055415.1_ASM5405541v1_genomic_100kbp_proxy.fna,1
GCF_000789275.1_ASM78927v1_genomic_100kbp_proxy.fna,0
GCA_050482485.1_ASM5048248v1_genomic_100kbp_proxy.fna,1
GCA_014856585.1_ASM1485658v1_genomic_100kbp_proxy.fna,0
GCA_035804355.1_ASM3580435v1_genomic_100kbp_proxy.fna,1
GCA_008180625.1_ASM818062v1_genomic_100kbp_proxy.fna,1
GCA_035809065.1_ASM3580906v1_genomic_100kbp_proxy.fna,1
GCF_049942295.1_ASM4994229v1_genomic_100kbp_proxy.fna,0
GCA_012222305.1_ASM1222230v1_genomic_100kbp_proxy.fna,1
GCA_018530835.1_ASM1853083v1_genomic_100kbp_proxy.fna,0
GCF_004101425.1_ASM410142v1_genomic_100kbp_proxy.fna,1
GCF_001808235.1_ASM180823v1_genomic_100kbp_proxy.fna,0
GCF_024508195.1_ASM2450819v1_genomic_100kbp_proxy.fna,1
GCF_035811795.1_ASM3581179v1_genomic_100kbp_proxy.fna,0
GCA_042667635.1_ASM4266763v1_genomic_100kbp_proxy.fna,0
GCA_024917115.1_ASM2491711v1_genomic_100kbp_proxy.fna,1
GCF_001663575.1_ASM166357v1_genomic_100kbp_proxy.fna,0
GCF_042264405.1_ASM4226440v1_genomic_100kbp_proxy.fna,1
GCA_009996815.1_ASM999681v1_genomic_100kbp_proxy.fna,1
GCA_050457385.1_ASM5045738v1_genomic_100kbp_proxy.fna,0
GCF_023521595.1_ASM2352159v1_genomic_100kbp_proxy.fna,1
GCA_025502505.1_ASM2550250v1_genomic_100kbp_proxy.fna,1
GCF_001641145.1_ASM164114v1_genomic_100kbp_proxy.fna,1
GCA_035805115.1_ASM3580511v1_genomic_100kbp_proxy.fna,0
GCF_001560815.1_NG05B_CO5_14_genomic_100kbp_proxy.fna,1
GCA_050479105.1_ASM5047910v1_genomic_100kbp_proxy.fna,0
GCA_030122865.1_ASM3012286v1_genomic_100kbp_proxy.fna,0
GCF_051935865.1_ASM5193586v1_genomic_100kbp_proxy.fna,1
GCA_015645665.1_ASM1564566v1_genomic_100kbp_proxy.fna,0
GCF_004119655.1_ASM411965v1_genomic_100kbp_proxy.fna,0
GCA_029762395.2_ASM2976239v2_genomic_100kbp_proxy.fna,0
GCF_019704435.1_ASM1970443v1_genomic_100kbp_proxy.fna,1
GCF_036213125.1_ASM3621312v1_genomic_100kbp_proxy.fna,1
GCA_050846915.1_ASM5084691v1_genomic_100kbp_proxy.fna,1
GCF_045277765.1_ASM4527776v1_genomic_100kbp_proxy.fna,0
GCF_051486545.1_ASM5148654v1_genomic_100kbp_proxy.fna,0
GCA_050113355.1_ASM5011335v1_genomic_100kbp_proxy.fna,1
GCF_056377955.1_ASM5637795v1_genomic_100kbp_proxy.fna,0
GCF_010614785.1_ASM1061478v1_genomic_100kbp_proxy.fna,1
GCF_905315055.2_NRS6128B_genomic_100kbp_proxy.fna,1
GCA_036213455.1_ASM3621345v1_genomic_100kbp_proxy.fna,1
GCA_052146725.1_ASM5214672v1_genomic_100kbp_proxy.fna,0
GCA_052037995.2_ASM5203799v2_genomic_100kbp_proxy.fna,1
GCA_051487275.1_ASM5148727v1_genomic_100kbp_proxy.fna,1
GCA_046567585.1_ASM4656758v1_genomic_100kbp_proxy.fna,1
GCF_060371815.1_ASM6037181v1_genomic_100kbp_proxy.fna,0
GCA_010578065.1_ASM1057806v1_genomic_100kbp_proxy.fna,1
GCF_022097155.1_ASM2209715v1_genomic_100kbp_proxy.fna,1
GCA_028541045.1_ASM2854104v1_genomic_100kbp_proxy.fna,1
GCA_022846315.1_ASM2284631v1_genomic_100kbp_proxy.fna,2
GCF_010634645.1_ASM1063464v1_genomic_100kbp_proxy.fna,1
GCA_053606585.1_ASM5360658v1_genomic_100kbp_proxy.fna,1
GCA_035812295.1_ASM3581229v1_genomic_100kbp_proxy.fna,1
GCF_009662415.1_ASM966241v1_genomic_100kbp_proxy.fna,1
GCA_059498445.1_ASM5949844v1_genomic_100kbp_proxy.fna,1
GCF_059772135.1_ASM5977213v1_genomic_100kbp_proxy.fna,1
GCF_001697265.1_ASM169726v1_genomic_100kbp_proxy.fna,1
GCA_051174795.1_ASM5117479v1_genomic_100kbp_proxy.fna,1
GCA_011456075.1_ASM1145607v1_genomic_100kbp_proxy.fna,1
GCA_018122535.1_ASM1812253v1_genomic_100kbp_proxy.fna,0
GCF_013266935.1_ASM1326693v1_genomic_100kbp_proxy.fna,1
GCF_012935335.1_ASM1293533v1_genomic_100kbp_proxy.fna,1
GCA_007050235.1_ASM705023v1_genomic_100kbp_proxy.fna,1
GCA_050463565.1_ASM5046356v1_genomic_100kbp_proxy.fna,1
GCA_964020995.1_Assembly_Bacillus_subtilis_genomic_100kbp_proxy.fna,0
GCA_042789135.1_ASM4278913v1_genomic_100kbp_proxy.fna,1
GCA_042860965.1_ASM4286096v1_genomic_100kbp_proxy.fna,1
GCA_000699465.1_ASM69946v1_genomic_100kbp_proxy.fna,1
GCF_947493205.1_955.fasta_genomic_100kbp_proxy.fna,1
GCA_050482645.1_ASM5048264v1_genomic_100kbp_proxy.fna,0
GCA_003665315.1_ASM366531v1_genomic_100kbp_proxy.fna,1
GCF_050051235.1_ASM5005123v1_genomic_100kbp_proxy.fna,1
GCA_905312035.2_NRS6120B_genomic_100kbp_proxy.fna,0
GCF_003417435.1_ASM341743v1_genomic_100kbp_proxy.fna,0
GCA_059820085.1_ASM5982008v1_genomic_100kbp_proxy.fna,0
GCA_054850485.1_ASM5485048v1_genomic_100kbp_proxy.fna,0
GCF_036219385.1_ASM3621938v1_genomic_100kbp_proxy.fna,1
GCA_002998795.1_ASM299879v1_genomic_100kbp_proxy.fna,0
GCF_037094855.1_ASM3709485v1_genomic_100kbp_proxy.fna,0
GCA_002216085.1_ASM221608v1_genomic_100kbp_proxy.fna,1
GCA_050462705.1_ASM5046270v1_genomic_100kbp_proxy.fna,0
GCF_059801065.1_ASM5980106v1_genomic_100kbp_proxy.fna,0
GCF_001560555.1_NG05B_C06_13_genomic_100kbp_proxy.fna,1
GCF_030016605.1_ASM3001660v1_genomic_100kbp_proxy.fna,1
GCA_050457165.1_ASM5045716v1_genomic_100kbp_proxy.fna,0
GCA_007050255.1_ASM705025v1_genomic_100kbp_proxy.fna,1
GCF_035808995.1_ASM3580899v1_genomic_100kbp_proxy.fna,1
GCA_053646275.1_ASM5364627v1_genomic_100kbp_proxy.fna,0
GCF_002205435.1_ASM220543v1_genomic_100kbp_proxy.fna,1
GCA_905315015.2_NRS6132B_genomic_100kbp_proxy.fna,1
GCA_055455675.1_ASM5545567v1_genomic_100kbp_proxy.fna,0
GCA_000724125.1_BSUBE1_genomic_100kbp_proxy.fna,1
GCA_050463545.1_ASM5046354v1_genomic_100kbp_proxy.fna,0
GCA_002096095.1_ASM209609v1_genomic_100kbp_proxy.fna,0
GCA_052747945.2_ASM5274794v2_genomic_100kbp_proxy.fna,1
GCA_035809495.1_ASM3580949v1_genomic_100kbp_proxy.fna,1
GCA_030016565.1_ASM3001656v1_genomic_100kbp_proxy.fna,1
GCA_050270435.1_ASM5027043v1_genomic_100kbp_proxy.fna,0
GCF_014389245.2_ASM1438924v2_genomic_100kbp_proxy.fna,1
GCF_029537075.2_ASM2953707v2_genomic_100kbp_proxy.fna,1
GCF_033100155.1_ASM3310015v1_genomic_100kbp_proxy.fna,0
GCF_035805095.1_ASM3580509v1_genomic_100kbp_proxy.fna,0
GCF_000508305.1_ASM50830v1_genomic_100kbp_proxy.fna,1
GCA_051132585.1_ASM5113258v1_genomic_100kbp_proxy.fna,1
GCA_056626595.1_ASM5662659v1_genomic_100kbp_proxy.fna,0
GCF_050051215.1_ASM5005121v1_genomic_100kbp_proxy.fna,0
GCF_009937745.1_ASM993774v1_genomic_100kbp_proxy.fna,1
GCF_036222845.1_ASM3622284v1_genomic_100kbp_proxy.fna,1
GCA_000091545.1_ASM9154v1_genomic_100kbp_proxy.fna,2
GCF_000214845.1_ASM21484v1_genomic_100kbp_proxy.fna,2
GCA_053819085.1_ASM5381908v1_genomic_100kbp_proxy.fna,1
GCA_000497485.1_ASM49748v1_genomic_100kbp_proxy.fna,1
GCA_053616975.1_ASM5361697v1_genomic_100kbp_proxy.fna,0
GCA_039880445.1_ASM3988044v1_genomic_100kbp_proxy.fna,0
GCA_046592575.1_ASM4659257v1_genomic_100kbp_proxy.fna,1
GCA_051966295.1_ASM5196629v1_genomic_100kbp_proxy.fna,0
GCF_035823895.1_ASM3582389v1_genomic_100kbp_proxy.fna,0
GCF_982998325.1_NOWI19-1_SAMN09201540_MAG_00000104_genomic_100kbp_proxy.fna,2
GCF_905315045.2_NRS6127B_genomic_100kbp_proxy.fna,1
GCF_019704415.1_ASM1970441v1_genomic_100kbp_proxy.fna,1
GCA_052976505.1_ASM5297650v1_genomic_100kbp_proxy.fna,1
GCF_001286885.1_Bacillus_JRS11_genomic_100kbp_proxy.fna,0
GCF_004119635.1_ASM411963v1_genomic_100kbp_proxy.fna,0
GCA_007829495.1_ASM782949v1_genomic_100kbp_proxy.fna,1
GCA_022846335.1_ASM2284633v1_genomic_100kbp_proxy.fna,2
GCF_000782835.1_ASM78283v1_genomic_100kbp_proxy.fna,1
GCA_042792735.1_ASM4279273v1_genomic_100kbp_proxy.fna,1
GCF_029536975.1_ASM2953697v2_genomic_100kbp_proxy.fna,1
GCF_036621535.1_ASM3662153v1_genomic_100kbp_proxy.fna,1
GCF_019969135.1_ASM1996913v1_genomic_100kbp_proxy.fna,0
GCA_050476025.1_ASM5047602v1_genomic_100kbp_proxy.fna,1
GCF_007829735.1_ASM782973v1_genomic_100kbp_proxy.fna,1
GCA_042722985.1_ASM4272298v1_genomic_100kbp_proxy.fna,0
GCF_001747445.1_ASM174744v1_genomic_100kbp_proxy.fna,1
GCA_983020905.1_NOWI19-1_SAMN09202071_MAG_00000096_genomic_100kbp_proxy.fna,2
GCA_001876485.1_ASM187648v1_genomic_100kbp_proxy.fna,0
GCA_055793405.1_ASM5579340v1_genomic_100kbp_proxy.fna,0
GCA_050482885.1_ASM5048288v1_genomic_100kbp_proxy.fna,0
GCF_031316445.1_ASM3131644v1_genomic_100kbp_proxy.fna,1
GCF_051965795.1_ASM5196579v1_genomic_100kbp_proxy.fna,0
GCA_035804375.1_ASM3580437v1_genomic_100kbp_proxy.fna,1
GCA_001661555.1_ASM166155v1_genomic_100kbp_proxy.fna,0
GCF_001604995.1_ASM160499v1_genomic_100kbp_proxy.fna,0
GCA_982967025.1_NOWI19-1_SAMN09201537_MAG_00000090_genomic_100kbp_proxy.fna,2
GCA_001560245.1_GG12_C01_18_genomic_100kbp_proxy.fna,1
GCA_031326005.1_ASM3132600v1_genomic_100kbp_proxy.fna,0
GCA_018454405.1_ASM1845440v1_genomic_100kbp_proxy.fna,1
GCA_983016015.1_NOWI19-1_SAMN09201851_MAG_00000005_genomic_100kbp_proxy.fna,2
GCF_000772165.1_ASM77216v1_genomic_100kbp_proxy.fna,1
GCA_042741105.1_ASM4274110v1_genomic_100kbp_proxy.fna,1
GCA_023714065.1_ASM2371406v1_genomic_100kbp_proxy.fna,0
GCF_030438175.1_ASM3043817v1_genomic_100kbp_proxy.fna,0
GCF_982994745.1_NOWI19-1_SAMN09201453_MAG_00000061_genomic_100kbp_proxy.fna,2
GCA_004119595.1_ASM411959v1_genomic_100kbp_proxy.fna,1
GCA_042799535.1_ASM4279953v1_genomic_100kbp_proxy.fna,0
GCF_004101445.1_ASM410144v1_genomic_100kbp_proxy.fna,0
GCA_040819575.1_ASM4081957v1_genomic_100kbp_proxy.fna,1
GCA_055378645.1_ASM5537864v1_genomic_100kbp_proxy.fna,1
GCA_041023695.1_ASM4102369v1_genomic_100kbp_proxy.fna,0
GCA_052546035.1_ASM5254603v1_genomic_100kbp_proxy.fna,1
GCA_053895445.1_ASM5389544v1_genomic_100kbp_proxy.fna,1
GCA_051133315.1_ASM5113331v1_genomic_100kbp_proxy.fna,0
GCA_037095795.1_ASM3709579v1_genomic_100kbp_proxy.fna,1
GCA_000582885.1_QH-1_V1.0_genomic_100kbp_proxy.fna,0
GCA_053291885.1_ASM5329188v1_genomic_100kbp_proxy.fna,1
GCA_034440835.1_ASM3444083v1_genomic_100kbp_proxy.fna,0
GCA_041862035.1_ASM4186203v1_genomic_100kbp_proxy.fna,0
GCA_021498185.1_ASM2149818v1_genomic_100kbp_proxy.fna,1
GCA_035812075.1_ASM3581207v1_genomic_100kbp_proxy.fna,0
GCF_024799885.1_ASM2479988v1_genomic_100kbp_proxy.fna,0
GCF_002269195.1_ASM226919v1_genomic_100kbp_proxy.fna,1
GCF_007666315.1_ASM766631v1_genomic_100kbp_proxy.fna,1
GCA_982989655.1_NOWI19-1_SAMN09201451_MAG_00000131_genomic_100kbp_proxy.fna,2
GCA_019974355.1_ASM1997435v1_genomic_100kbp_proxy.fna,2
GCF_035822435.1_ASM3582243v1_genomic_100kbp_proxy.fna,1
GCF_057371115.1_ASM5737111v1_genomic_100kbp_proxy.fna,1
GCA_055817975.1_ASM5581797v1_genomic_100kbp_proxy.fna,0
GCF_041385545.1_ASM4138554v1_genomic_100kbp_proxy.fna,0
GCF_041949775.1_ASM4194977v1_genomic_100kbp_proxy.fna,1
GCF_035822815.1_ASM3582281v1_genomic_100kbp_proxy.fna,1
GCF_056855675.1_ASM5685567v1_genomic_100kbp_proxy.fna,1
GCA_029762275.3_ASM2976227v3_genomic_100kbp_proxy.fna,0
GCF_049200355.1_ASM4920035v1_genomic_100kbp_proxy.fna,1
GCA_982982225.1_NOWI19-1_SAMN10350897_MAG_00000123_genomic_100kbp_proxy.fna,2
GCA_042756655.1_ASM4275665v1_genomic_100kbp_proxy.fna,1
GCF_052037815.2_ASM5203781v2_genomic_100kbp_proxy.fna,1
GCA_029762175.2_ASM2976217v2_genomic_100kbp_proxy.fna,1
GCF_035812315.1_ASM3581231v1_genomic_100kbp_proxy.fna,1
GCF_046529445.1_ASM4652944v1_genomic_100kbp_proxy.fna,0
GCA_983004775.1_NOWI19-1_SAMN09201847_MAG_00000120_genomic_100kbp_proxy.fna,2
GCA_049801195.1_ASM4980119v1_genomic_100kbp_proxy.fna,0
GCA_003265645.1_ASM326564v1_genomic_100kbp_proxy.fna,1
GCF_052119875.1_ASM5211987v1_genomic_100kbp_proxy.fna,1
GCF_022846295.1_ASM2284629v1_genomic_100kbp_proxy.fna,2
GCA_001560765.1_NG05B_CO5_12_genomic_100kbp_proxy.fna,1
GCF_005849145.1_ASM584914v1_genomic_100kbp_proxy.fna,0
GCA_001560035.1_GG12_C01_05_genomic_100kbp_proxy.fna,1
GCF_905319555.1_NRS6194_genomic_100kbp_proxy.fna,1
GCA_031323625.1_ASM3132362v1_genomic_100kbp_proxy.fna,1
GCF_001560305.1_GG12_C01_22_genomic_100kbp_proxy.fna,1
GCA_009662175.1_ASM966217v1_genomic_100kbp_proxy.fna,1
GCA_030226735.1_ASM3022673v1_genomic_100kbp_proxy.fna,1
GCF_980648645.1_FF8-BHI-01_genomic_100kbp_proxy.fna,0
GCA_021497525.1_ASM2149752v1_genomic_100kbp_proxy.fna,0
GCF_035804775.1_ASM3580477v1_genomic_100kbp_proxy.fna,1
GCF_003148355.1_ASM314835v2_genomic_100kbp_proxy.fna,1
GCA_031932165.1_ASM3193216v1_genomic_100kbp_proxy.fna,0
GCA_037751545.1_ASM3775154v1_genomic_100kbp_proxy.fna,1
GCA_046840395.1_ASM4684039v1_genomic_100kbp_proxy.fna,1
GCF_036221565.1_ASM3622156v1_genomic_100kbp_proxy.fna,0
GCF_035809255.1_ASM3580925v1_genomic_100kbp_proxy.fna,0
GCF_049803375.1_ASM4980337v1_genomic_100kbp_proxy.fna,0
GCF_013009385.1_ASM1300938v1_genomic_100kbp_proxy.fna,1
GCF_008014635.1_ASM801463v1_genomic_100kbp_proxy.fna,0
GCA_003665235.1_ASM366523v1_genomic_100kbp_proxy.fna,0
GCF_001560205.1_GG12_C01_16_genomic_100kbp_proxy.fna,1
GCA_006364495.1_ASM636449v1_genomic_100kbp_proxy.fna,0
GCF_007165645.1_ASM716564v1_genomic_100kbp_proxy.fna,2
GCF_002173715.1_ASM217371v1_genomic_100kbp_proxy.fna,1
GCF_031932205.1_ASM3193220v1_genomic_100kbp_proxy.fna,1
GCA_036221605.1_ASM3622160v1_genomic_100kbp_proxy.fna,1
GCF_053895045.1_ASM5389504v1_genomic_100kbp_proxy.fna,0
GCA_035804415.1_ASM3580441v1_genomic_100kbp_proxy.fna,1
GCA_902362345.2_UHGG_MGYG-HGUT-00012_genomic_100kbp_proxy.fna,0
GCF_036218465.1_ASM3621846v1_genomic_100kbp_proxy.fna,1
GCF_002153395.1_ASM215339v1_genomic_100kbp_proxy.fna,1
GCA_055582105.1_ASM5558210v1_genomic_100kbp_proxy.fna,0
GCF_035814195.1_ASM3581419v1_genomic_100kbp_proxy.fna,0
GCF_007996945.1_ASM799694v1_genomic_100kbp_proxy.fna,1
GCA_035804835.1_ASM3580483v1_genomic_100kbp_proxy.fna,1
GCA_060079345.1_ASM6007934v1_genomic_100kbp_proxy.fna,0
GCA_042673285.1_ASM4267328v1_genomic_100kbp_proxy.fna,0
GCA_000735115.1_ASM73511v1_genomic_100kbp_proxy.fna,1
GCA_053607245.1_ASM5360724v1_genomic_100kbp_proxy.fna,0
GCF_035812855.1_ASM3581285v1_genomic_100kbp_proxy.fna,0
GCF_004101945.1_ASM410194v1_genomic_100kbp_proxy.fna,0
GCA_031324185.1_ASM3132418v1_genomic_100kbp_proxy.fna,1
GCA_028472365.1_ASM2847236v1_genomic_100kbp_proxy.fna,1
GCA_055598945.1_ASM5559894v1_genomic_100kbp_proxy.fna,0
GCF_052037965.2_ASM5203796v2_genomic_100kbp_proxy.fna,1
GCA_050188195.1_ASM5018819v1_genomic_100kbp_proxy.fna,1
GCA_045001865.1_ASM4500186v1_genomic_100kbp_proxy.fna,1
GCA_047314825.1_ASM4731482v1_genomic_100kbp_proxy.fna,0
GCA_030053655.1_ASM3005365v1_genomic_100kbp_proxy.fna,0
GCA_007678335.1_ASM767833v1_genomic_100kbp_proxy.fna,0
GCF_051966455.1_ASM5196645v1_genomic_100kbp_proxy.fna,1
GCA_057444375.1_ASM5744437v1_genomic_100kbp_proxy.fna,1
GCA_009913595.1_ASM991359v1_genomic_100kbp_proxy.fna,1
GCA_048128465.1_ASM4812846v1_genomic_100kbp_proxy.fna,0
GCF_004119775.1_ASM411977v1_genomic_100kbp_proxy.fna,1
GCF_039620435.1_ASM3962043v1_genomic_100kbp_proxy.fna,0
GCF_042266985.1_ASM4226698v1_genomic_100kbp_proxy.fna,0
GCF_035814355.1_ASM3581435v1_genomic_100kbp_proxy.fna,0
GCA_046588065.1_ASM4658806v1_genomic_100kbp_proxy.fna,1
GCF_008180345.1_ASM818034v1_genomic_100kbp_proxy.fna,1
GCA_026309415.1_ASM2630941v1_genomic_100kbp_proxy.fna,1
GCA_056489145.1_ASM5648914v1_genomic_100kbp_proxy.fna,0
GCA_042789675.1_ASM4278967v1_genomic_100kbp_proxy.fna,1
GCA_035811175.1_ASM3581117v1_genomic_100kbp_proxy.fna,1
GCA_050859145.1_ASM5085914v1_genomic_100kbp_proxy.fna,0
GCF_001286745.1_Bacillus_JRS9_genomic_100kbp_proxy.fna,1
GCF_000155355.1_ASM15535v1_genomic_100kbp_proxy.fna,1
GCA_012931705.2_ASM1293170v2_genomic_100kbp_proxy.fna,0
GCA_018122465.1_ASM1812246v1_genomic_100kbp_proxy.fna,0
GCF_002378905.1_ASM237890v1_genomic_100kbp_proxy.fna,2
GCA_042727145.1_ASM4272714v1_genomic_100kbp_proxy.fna,0
GCF_019599105.1_ASM1959910v1_genomic_100kbp_proxy.fna,0
GCF_035804995.1_ASM3580499v1_genomic_100kbp_proxy.fna,0
GCA_009913275.1_ASM991327v1_genomic_100kbp_proxy.fna,0
GCA_002556525.1_ASM255652v1_genomic_100kbp_proxy.fna,1
GCF_055326625.1_ASM5532662v1_genomic_100kbp_proxy.fna,1
GCA_053643455.1_ASM5364345v1_genomic_100kbp_proxy.fna,1
GCA_023612315.1_ASM2361231v1_genomic_100kbp_proxy.fna,0
GCA_014961985.1_ASM1496198v1_genomic_100kbp_proxy.fna,0
GCA_035814035.1_ASM3581403v1_genomic_100kbp_proxy.fna,0
GCA_042753885.1_ASM4275388v1_genomic_100kbp_proxy.fna,0
GCF_001286845.1_Bacillus_JRS2_genomic_100kbp_proxy.fna,1
GCA_977562905.1_MarMAG_099746_genomic_100kbp_proxy.fna,2
GCA_022700975.1_ASM2270097v1_genomic_100kbp_proxy.fna,0
GCA_055585465.1_ASM5558546v1_genomic_100kbp_proxy.fna,1
GCA_056784195.1_ASM5678419v1_genomic_100kbp_proxy.fna,1
GCA_030123145.1_ASM3012314v1_genomic_100kbp_proxy.fna,1
GCA_010578135.1_ASM1057813v1_genomic_100kbp_proxy.fna,1
GCF_042262465.1_ASM4226246v1_genomic_100kbp_proxy.fna,1
GCA_982962955.1_NOWI19-1_SAMN09201850_MAG_00000080_genomic_100kbp_proxy.fna,2
GCA_024507895.1_ASM2450789v1_genomic_100kbp_proxy.fna,1
GCA_028463925.1_ASM2846392v1_genomic_100kbp_proxy.fna,0
GCF_019704375.1_ASM1970437v1_genomic_100kbp_proxy.fna,1
GCA_007050045.1_ASM705004v1_genomic_100kbp_proxy.fna,1
GCF_003665195.1_ASM366519v1_genomic_100kbp_proxy.fna,1
GCA_020311615.1_ASM2031161v1_genomic_100kbp_proxy.fna,1
GCF_000691185.1_ASM69118v1_genomic_100kbp_proxy.fna,1
GCA_028540965.1_ASM2854096v1_genomic_100kbp_proxy.fna,0
GCA_053607085.1_ASM5360708v1_genomic_100kbp_proxy.fna,1
GCF_001596535.1_ASM159653v1_genomic_100kbp_proxy.fna,0
GCF_037753205.1_ASM3775320v1_genomic_100kbp_proxy.fna,1
